    0.000000000    0.912899459    0.912899040
    0.033111522    0.912899344    0.912899041
    0.066223044    0.912899071    0.912899041
    0.099334566    0.912898810    0.912899042
    0.132446088    0.912898724    0.912899042
    0.165557610    0.912898866    0.912899041
    0.198669132    0.912899148    0.912899040
    0.231780654    0.912899393    0.912899039
    0.264892176    0.912899449    0.912899038
    0.298003698    0.912899280    0.912899038
    0.331115220    0.912898991    0.912899038
    0.364226742    0.912898763    0.912899038
    0.397338264    0.912898736    0.912899037
    0.430449786    0.912898928    0.912899036
    0.463561308    0.912899218    0.912899035
    0.496672830    0.912899425    0.912899033
    0.529784352    0.912899419    0.912899032
    0.562895874    0.912899203    0.912899032
    0.596007396    0.912898912    0.912899031
    0.629118918    0.912898726    0.912899031
    0.662230440    0.912898760    0.912899029
    0.695341962    0.912898993    0.912899027
    0.728453484    0.912899279    0.912899025
    0.761565006    0.912899438    0.912899023
    0.794676528    0.912899370    0.912899022
    0.827788050    0.912899117    0.912899021
    0.860899572    0.912898836    0.912899020
    0.894011094    0.912898700    0.912899019
    0.927122616    0.912898794    0.912899017
    0.960234138    0.912899058    0.912899014
    0.993345660    0.912899327    0.912899012
    1.026457182    0.912899431    0.912899009
    1.059568704    0.912899304    0.912899008
    1.092680226    0.912899025    0.912899006
    1.125791748    0.912898766    0.912899005
    1.158903271    0.912898687    0.912899003
    1.192014793    0.912898837    0.912899000
    1.225126315    0.912899120    0.912898997
    1.258237837    0.912899359    0.912898994
    1.291349359    0.912899403    0.912898991
    1.324460881    0.912899223    0.912898989
    1.357572403    0.912898930    0.912898987
    1.390683925    0.912898705    0.912898985
    1.423795447    0.912898686    0.912898982
    1.456906969    0.912898885    0.912898979
    1.490018491    0.912899175    0.912898975
    1.523130013    0.912899374    0.912898971
    1.556241535    0.912899356    0.912898969
    1.589353057    0.912899130    0.912898966
    1.622464579    0.912898836    0.912898963
    1.655576101    0.912898654    0.912898960
    1.688687623    0.912898697    0.912898957
    1.721799145    0.912898936    0.912898953
    1.754910667    0.912899219    0.912898948
    1.788022189    0.912899369    0.912898945
    1.821133711    0.912899289    0.912898941
    1.854245233    0.912899027    0.912898938
    1.887356755    0.912898744    0.912898935
    1.920468277    0.912898615    0.912898931
    1.953579799    0.912898717    0.912898927
    1.986691321    0.912898986    0.912898922
    2.019802843    0.912899251    0.912898917
    2.052914365    0.912899344    0.912898913
    2.086025887    0.912899205    0.912898909
    2.119137409    0.912898918    0.912898905
    2.152248931    0.912898660    0.912898901
    2.185360453    0.912898588    0.912898896
    2.218471975    0.912898745    0.912898891
    2.251583497    0.912899032    0.912898886
    2.284695019    0.912899266    0.912898880
    2.317806541    0.912899298    0.912898876
    2.350918063    0.912899106    0.912898871
    2.384029585    0.912898807    0.912898867
    2.417141107    0.912898583    0.912898862
    2.450252629    0.912898573    0.912898856
    2.483364151    0.912898779    0.912898850
    2.516475673    0.912899070    0.912898844
    2.549587195    0.912899262    0.912898838
    2.582698717    0.912899231    0.912898832
    2.615810239    0.912898994    0.912898827
    2.648921761    0.912898695    0.912898822
    2.682033283    0.912898517    0.912898816
    2.715144805    0.912898568    0.912898809
    2.748256327    0.912898814    0.912898802
    2.781367849    0.912899097    0.912898795
    2.814479371    0.912899238    0.912898789
    2.847590893    0.912899145    0.912898782
    2.880702415    0.912898872    0.912898776
    2.913813937    0.912898586    0.912898770
    2.946925459    0.912898462    0.912898763
    2.980036981    0.912898573    0.912898755
    3.013148503    0.912898847    0.912898747
    3.046260025    0.912899109    0.912898739
    3.079371547    0.912899192    0.912898732
    3.112483069    0.912899040    0.912898725
    3.145594591    0.912898743    0.912898717
    3.178706113    0.912898483    0.912898710
    3.211817635    0.912898418    0.912898702
    3.244929157    0.912898584    0.912898693
    3.278040679    0.912898875    0.912898683
    3.311152201    0.912899104    0.912898674
    3.344263723    0.912899124    0.912898666
    3.377375245    0.912898918    0.912898657
    3.410486768    0.912898610    0.912898649
    3.443598290    0.912898387    0.912898640
    3.476709812    0.912898384    0.912898630
    3.509821334    0.912898599    0.912898619
    3.542932856    0.912898893    0.912898609
    3.576044378    0.912899078    0.912898598
    3.609155900    0.912899033    0.912898588
    3.642267422    0.912898782    0.912898578
    3.675378944    0.912898476    0.912898568
    3.708490466    0.912898300    0.912898557
    3.741601988    0.912898360    0.912898545
    3.774713510    0.912898613    0.912898533
    3.807825032    0.912898896    0.912898521
    3.840936554    0.912899028    0.912898509
    3.874048076    0.912898920    0.912898497
    3.907159598    0.912898634    0.912898485
    3.940271120    0.912898342    0.912898473
    3.973382642    0.912898221    0.912898459
    4.006494164    0.912898342    0.912898445
    4.039605686    0.912898622    0.912898431
    4.072717208    0.912898882    0.912898416
    4.105828730    0.912898953    0.912898402
    4.138940252    0.912898785    0.912898387
    4.172051774    0.912898475    0.912898373
    4.205163296    0.912898211    0.912898358
    4.238274818    0.912898151    0.912898341
    4.271386340    0.912898326    0.912898324
    4.304497862    0.912898621    0.912898307
    4.337609384    0.912898845    0.912898289
    4.370720906    0.912898851    0.912898272
    4.403832428    0.912898628    0.912898254
    4.436943950    0.912898307    0.912898237
    4.470055472    0.912898082    0.912898218
    4.503166994    0.912898085    0.912898198
    4.536278516    0.912898308    0.912898177
    4.569390038    0.912898603    0.912898155
    4.602501560    0.912898780    0.912898134
    4.635613082    0.912898719    0.912898112
    4.668724604    0.912898450    0.912898091
    4.701836126    0.912898132    0.912898068
    4.734947648    0.912897955    0.912898044
    4.768059170    0.912898022    0.912898019
    4.801170692    0.912898281    0.912897993
    4.834282214    0.912898564    0.912897967
    4.867393736    0.912898683    0.912897940
    4.900505258    0.912898556    0.912897913
    4.933616780    0.912898251    0.912897886
    4.966728302    0.912897949    0.912897857
    4.999839824    0.912897828    0.912897827
    5.032951346    0.912897954    0.912897795
    5.066062868    0.912898239    0.912897762
    5.099174390    0.912898494    0.912897728
    5.132285912    0.912898549    0.912897695
    5.165397434    0.912898359    0.912897660
    5.198508956    0.912898029    0.912897625
    5.231620478    0.912897755    0.912897588
    5.264732000    0.912897695    0.912897549
    5.297843522    0.912897875    0.912897508
    5.330955044    0.912898171    0.912897466
    5.364066566    0.912898386    0.912897423
    5.397178088    0.912898371    0.912897379
    5.430289610    0.912898123    0.912897335
    5.463401132    0.912897782    0.912897288
    5.496512654    0.912897547    0.912897240
    5.529624176    0.912897550    0.912897189
    5.562735698    0.912897775    0.912897136
    5.595847220    0.912898067    0.912897081
    5.628958742    0.912898228    0.912897025
    5.662070264    0.912898142    0.912896968
    5.695181787    0.912897844    0.912896909
    5.728293309    0.912897504    0.912896848
    5.761404831    0.912897316    0.912896784
    5.794516353    0.912897381    0.912896717
    5.827627875    0.912897639    0.912896647
    5.860739397    0.912897912    0.912896576
    5.893850919    0.912898009    0.912896502
    5.926962441    0.912897850    0.912896426
    5.960073963    0.912897512    0.912896348
    5.993185485    0.912897185    0.912896266
    6.026297007    0.912897052    0.912896181
    6.059408529    0.912897173    0.912896092
    6.092520051    0.912897450    0.912895999
    6.125631573    0.912897688    0.912895904
    6.158743095    0.912897712    0.912895805
    6.191854617    0.912897482    0.912895704
    6.224966139    0.912897114    0.912895599
    6.258077661    0.912896811    0.912895489
    6.291189183    0.912896735    0.912895374
    6.324300705    0.912896904    0.912895254
    6.357412227    0.912897184    0.912895130
    6.390523749    0.912897370    0.912895002
    6.423635271    0.912897314    0.912894870
    6.456746793    0.912897017    0.912894733
    6.489858315    0.912896631    0.912894590
    6.522969837    0.912896361    0.912894442
    6.556081359    0.912896340    0.912894286
    6.589192881    0.912896545    0.912894125
    6.622304403    0.912896810    0.912893957
    6.655415925    0.912896929    0.912893784
    6.688527447    0.912896787    0.912893604
    6.721638969    0.912896428    0.912893418
    6.754750491    0.912896032    0.912893224
    6.787862013    0.912895801    0.912893023
    6.820973535    0.912895831    0.912892813
    6.854085057    0.912896056    0.912892595
    6.887196579    0.912896285    0.912892369
    6.920308101    0.912896322    0.912892136
    6.953419623    0.912896089    0.912891893
    6.986531145    0.912895674    0.912891641
    7.019642667    0.912895278    0.912891379
    7.052754189    0.912895086    0.912891106
    7.085865711    0.912895157    0.912890821
    7.118977233    0.912895382    0.912890526
    7.152088755    0.912895552    0.912890219
    7.185200277    0.912895492    0.912889901
    7.218311799    0.912895165    0.912889570
    7.251423321    0.912894699    0.912889226
    7.284534843    0.912894307    0.912888868
    7.317646365    0.912894152    0.912888494
    7.350757887    0.912894247    0.912888104
    7.383869409    0.912894447    0.912887700
    7.416980931    0.912894536    0.912887279
    7.450092453    0.912894363    0.912886843
    7.483203975    0.912893938    0.912886389
    7.516315497    0.912893424    0.912885915
    7.549427019    0.912893036    0.912885422
    7.582538541    0.912892906    0.912884908
    7.615650063    0.912893004    0.912884372
    7.648761585    0.912893149    0.912883815
    7.681873107    0.912893129    0.912883235
    7.714984629    0.912892827    0.912882633
    7.748096151    0.912892299    0.912882006
    7.781207673    0.912891735    0.912881352
    7.814319195    0.912891344    0.912880670
    7.847430717    0.912891222    0.912879959
    7.880542239    0.912891290    0.912879218
    7.913653761    0.912891347    0.912878448
    7.946765283    0.912891188    0.912877646
    7.979876806    0.912890738    0.912876812
    8.012988328    0.912890096    0.912875943
    8.046099850    0.912889474    0.912875036
    8.079211372    0.912889065    0.912874091
    8.112322894    0.912888921    0.912873106
    8.145434416    0.912888921    0.912872079
    8.178545938    0.912888846    0.912871011
    8.211657460    0.912888512    0.912869899
    8.244768982    0.912887889    0.912868741
    8.277880504    0.912887117    0.912867534
    8.310992026    0.912886420    0.912866275
    8.344103548    0.912885964    0.912864962
    8.377215070    0.912885756    0.912863594
    8.410326592    0.912885636    0.912862170
    8.443438114    0.912885376    0.912860686
    8.476549636    0.912884824    0.912859141
    8.509661158    0.912883995    0.912857531
    8.542772680    0.912883065    0.912855852
    8.575884202    0.912882260    0.912854102
    8.608995724    0.912881713    0.912852278
    8.642107246    0.912881381    0.912850377
    8.675218768    0.912881073    0.912848396
    8.708330290    0.912880564    0.912846334
    8.741441812    0.912879737    0.912844185
    8.774553334    0.912878657    0.912841945
    8.807664856    0.912877526    0.912839611
    8.840776378    0.912876561    0.912837177
    8.873887900    0.912875856    0.912834640
    8.906999422    0.912875321    0.912831996
    8.940110944    0.912874743    0.912829242
    8.973222466    0.912873912    0.912826373
    9.006333988    0.912872761    0.912823384
    9.039445510    0.912871401    0.912820269
    9.072557032    0.912870053    0.912817021
    9.105668554    0.912868912    0.912813636
    9.138780076    0.912868015    0.912810108
    9.171891598    0.912867222    0.912806432
    9.205003120    0.912866294    0.912802603
    9.238114642    0.912865045    0.912798614
    9.271226164    0.912863453    0.912794458
    9.304337686    0.912861679    0.912790126
    9.337449208    0.912859959    0.912785612
    9.370560730    0.912858462    0.912780907
    9.403672252    0.912857179    0.912776004
    9.436783774    0.912855926    0.912770896
    9.469895296    0.912854458    0.912765576
    9.503006818    0.912852618    0.912760034
    9.536118340    0.912850434    0.912754259
    9.569229862    0.912848102    0.912748242
    9.602341384    0.912845862    0.912741972
    9.635452906    0.912843845    0.912735438
    9.668564428    0.912841988    0.912728632
    9.701675950    0.912840074    0.912721542
    9.734787472    0.912837859    0.912714158
    9.767898994    0.912835225    0.912706466
    9.801010516    0.912832252    0.912698453
    9.834122038    0.912829164    0.912690105
    9.867233560    0.912826189    0.912681407
    9.900345082    0.912823413    0.912672347
    9.933456604    0.912820723    0.912662910
    9.966568126    0.912817871    0.912653082
    9.999679648    0.912814629    0.912642847
   10.032791170    0.912810923    0.912632187
   10.065902692    0.912806882    0.912621084
   10.099014214    0.912802750    0.912609519
   10.132125736    0.912798732    0.912597473
   10.165237258    0.912794864    0.912584927
   10.198348780    0.912790979    0.912571863
   10.231460303    0.912786814    0.912558260
   10.264571825    0.912782163    0.912544095
   10.297683347    0.912777002    0.912529344
   10.330794869    0.912771504    0.912513984
   10.363906391    0.912765922    0.912497988
   10.397017913    0.912760430    0.912481331
   10.430129435    0.912755003    0.912463988
   10.463240957    0.912749430    0.912445931
   10.496352479    0.912743438    0.912427132
   10.529464001    0.912736854    0.912407561
   10.562575523    0.912729708    0.912387185
   10.595687045    0.912722209    0.912365971
   10.628798567    0.912714607    0.912343884
   10.661910089    0.912707031    0.912320889
   10.695021611    0.912699398    0.912296953
   10.728133133    0.912691455    0.912272036
   10.761244655    0.912682931    0.912246101
   10.794356177    0.912673693    0.912219106
   10.827467699    0.912663825    0.912191005
   10.860579221    0.912653562    0.912161755
   10.893690743    0.912643140    0.912131308
   10.926802265    0.912632633    0.912099618
   10.959913787    0.912621898    0.912066636
   10.993025309    0.912610648    0.912032312
   11.026136831    0.912598625    0.911996590
   11.059248353    0.912585743    0.911959414
   11.092359875    0.912572131    0.911920725
   11.125471397    0.912558045    0.911880462
   11.158582919    0.912543688    0.911838561
   11.191694441    0.912529073    0.911794959
   11.224805963    0.912513995    0.911749589
   11.257917485    0.912498148    0.911702382
   11.291029007    0.912481294    0.911653263
   11.324140529    0.912463400    0.911602156
   11.357252051    0.912444639    0.911548979
   11.390363573    0.912425270    0.911493649
   11.423475095    0.912405450    0.911436082
   11.456586617    0.912385123    0.911376191
   11.489698139    0.912364028    0.911313884
   11.522809661    0.912341841    0.911249067
   11.555921183    0.912318355    0.911181640
   11.589032705    0.912293588    0.911111497
   11.622144227    0.912267749    0.911038530
   11.655255749    0.912241082    0.910962627
   11.688367271    0.912213690    0.910883673
   11.721478793    0.912185441    0.910801550
   11.754590315    0.912156020    0.910716135
   11.787701837    0.912125099    0.910627298
   11.820813359    0.912092508    0.910534904
   11.853924881    0.912058313    0.910438811
   11.887036403    0.912022745    0.910338873
   11.920147925    0.911986020    0.910234940
   11.953259447    0.911948168    0.910126857
   11.986370969    0.911908981    0.910014463
   12.019482491    0.911868095    0.909897593
   12.052594013    0.911825185    0.909776071
   12.085705535    0.911780122    0.909649715
   12.118817057    0.911733015    0.909518334
   12.151928579    0.911684098    0.909381734
   12.185040101    0.911633539    0.909239713
   12.218151623    0.911581287    0.909092062
   12.251263145    0.911527049    0.908938567
   12.284374667    0.911470421    0.908779003
   12.317486189    0.911411087    0.908613135
   12.350597711    0.911348959    0.908440719
   12.383709233    0.911284175    0.908261502
   12.416820755    0.911216956    0.908075223
   12.449932277    0.911147402    0.907881613
   12.483043799    0.911075364    0.907680394
   12.516155322    0.911000466    0.907471279
   12.549266844    0.910922266    0.907253966
   12.582378366    0.910840464    0.907028145
   12.615489888    0.910755005    0.906793489
   12.648601410    0.910666044    0.906549664
   12.681712932    0.910573764    0.906296323
   12.714824454    0.910478174    0.906033110
   12.747935976    0.910379014    0.905759657
   12.781047498    0.910275822    0.905475581
   12.814159020    0.910168123    0.905180485
   12.847270542    0.910055630    0.904873956
   12.880382064    0.909938314    0.904555567
   12.913493586    0.909816322    0.904224876
   12.946605108    0.909689769    0.903881427
   12.979716630    0.909558550    0.903524752
   13.012828152    0.909422281    0.903154367
   13.045939674    0.909280408    0.902769770
   13.079051196    0.909132424    0.902370439
   13.112162718    0.908978048    0.901955833
   13.145274240    0.908817261    0.901525394
   13.178385762    0.908650172    0.901078546
   13.211497284    0.908476798    0.900614696
   13.244608806    0.908296891    0.900133232
   13.277720328    0.908109926    0.899633524
   13.310831850    0.907915255    0.899114918
   13.343943372    0.907712334    0.898576735
   13.377054894    0.907500883    0.898018276
   13.410166416    0.907280870    0.897438817
   13.443277938    0.907052336    0.896837613
   13.476389460    0.906815162    0.896213899
   13.509500982    0.906568926    0.895566885
   13.542612504    0.906312939    0.894895757
   13.575724026    0.906046439    0.894199673
   13.608835548    0.905768827    0.893477759
   13.641947070    0.905479791    0.892729116
   13.675058592    0.905179246    0.891952816
   13.708170114    0.904867120    0.891147906
   13.741281636    0.904543117    0.890313405
   13.774393158    0.904206613    0.889448304
   13.807504680    0.903856742    0.888551559
   13.840616202    0.903492619    0.887622094
   13.873727724    0.903113577    0.886658795
   13.906839246    0.902719243    0.885660514
   13.939950768    0.902309431    0.884626070
   13.973062290    0.901883898    0.883554250
   14.006173812    0.901442117    0.882443803
   14.039285334    0.900983218    0.881293446
   14.072396856    0.900506125    0.880101849
   14.105508378    0.900009810    0.878867641
   14.138619900    0.899493503    0.877589404
   14.171731422    0.898956732    0.876265678
   14.204842944    0.898399154    0.874894961
   14.237954466    0.897820290    0.873475708
   14.271065988    0.897219326    0.872006328
   14.304177510    0.896595098    0.870485181
   14.337289032    0.895946286    0.868910571
   14.370400554    0.895271685    0.867280742
   14.403512076    0.894570383    0.865593882
   14.436623598    0.893841750    0.863848121
   14.469735120    0.893085214    0.862041529
   14.502846642    0.892299986    0.860172119
   14.535958164    0.891484895    0.858237837
   14.569069686    0.890638431    0.856236558
   14.602181208    0.889758983    0.854166076
   14.635292730    0.888845121    0.852024099
   14.668404252    0.887895739    0.849808253
   14.701515774    0.886909972    0.847516075
   14.734627296    0.885886937    0.845145012
   14.767738819    0.884825452    0.842692418
   14.800850341    0.883723909    0.840155540
   14.833961863    0.882580392    0.837531504
   14.867073385    0.881392949    0.834817309
   14.900184907    0.880159876    0.832009814
   14.933296429    0.878879802    0.829105735
   14.966407951    0.877551551    0.826101638
   14.999519473    0.876173833    0.822993930
   15.032630995    0.874744979    0.819778847
   15.065742517    0.873262872    0.816452428
   15.098854039    0.871725121    0.813010496
   15.131965561    0.870129381    0.809448635
   15.165077083    0.868473607    0.805762170
   15.198188605    0.866756091    0.801946155
   15.231300127    0.864975244    0.797995362
   15.264411649    0.863129267    0.793904273
   15.297523171    0.861215900    0.789667068
   15.330634693    0.859232423    0.785277622
   15.363746215    0.857175900    0.780729508
   15.396857737    0.855043519    0.776016020
   15.429969259    0.852832820    0.771130201
   15.463080781    0.850541659    0.766064897
   15.496192303    0.848167923    0.760812802
   15.529303825    0.845709179    0.755366512
   15.562415347    0.843162464    0.749718566
   15.595526869    0.840524359    0.743861493
   15.628638391    0.837791298    0.737787860
   15.661749913    0.834959929    0.731490343
   15.694861435    0.832027292    0.724961807
   15.727972957    0.828990699    0.718195392
   15.761084479    0.825847390    0.711184595
   15.794196001    0.822594167    0.703923328
   15.827307523    0.819227241    0.696405950
   15.860419045    0.815742385    0.688627275
   15.893530567    0.812135312    0.680582592
   15.926642089    0.808402033    0.672267708
   15.959753611    0.804538972    0.663679052
   15.992865133    0.800542760    0.654813827
   16.025976655    0.796409823    0.645670212
   16.059088177    0.792136015    0.636247578
   16.092199699    0.787716541    0.626546678
   16.125311221    0.783146195    0.616569792
   16.158422743    0.778419800    0.606320808
   16.191534265    0.773532550    0.595805234
   16.224645787    0.768480044    0.585030170
   16.257757309    0.763257978    0.574004243
   16.290868831    0.757861677    0.562737519
   16.323980353    0.752285742    0.551241412
   16.357091875    0.746524057    0.539528567
   16.390203397    0.740570131    0.527612750
   16.423314919    0.734417578    0.515508714
   16.456426441    0.728060434    0.503232082
   16.489537963    0.721493083    0.490799239
   16.522649485    0.714709836    0.478227240
   16.555761007    0.707704395    0.465533738
   16.588872529    0.700469541    0.452736929
   16.621984051    0.692997226    0.439855491
   16.655095573    0.685279021    0.426908507
   16.688207095    0.677306634    0.413915385
   16.721318617    0.669072152    0.400895746
   16.754430139    0.660567834    0.387869311
   16.787541661    0.651785544    0.374855778
   16.820653183    0.642716152    0.361874709
   16.853764705    0.633349245    0.348945409
   16.886876227    0.623673331    0.336086820
   16.919987749    0.613676383    0.323317423
   16.953099271    0.603346368    0.310655135
   16.986210793    0.592671384    0.298117232
   17.019322315    0.581639268    0.285720271
   17.052433838    0.570236838    0.273480016
   17.085545360    0.558449200    0.261411371
   17.118656882    0.546259489    0.249528292
   17.151768404    0.533649176    0.237843695
   17.184879926    0.520598711    0.226369339
   17.217991448    0.507088028    0.215115697
   17.251102970    0.493096528    0.204091822
   17.284214492    0.478602395    0.193305222
   17.317326014    0.463581555    0.182761738
   17.350437536    0.448006777    0.172465459
   17.383549058    0.431847350    0.162418647
   17.416660580    0.415069458    0.152621713
   17.449772102    0.397636978    0.143073232
   17.482883624    0.379512201    0.133770014
   17.515995146    0.360656127    0.124707227
   17.549106668    0.341028363    0.115878557
   17.582218190    0.320587027    0.107276397
   17.615329712    0.299289254    0.098892021
   17.648441234    0.277092652    0.090715725
   17.681552756    0.253957529    0.082736926
   17.714664278    0.229849260    0.074944202
   17.747775800    0.204739963    0.067325322
   17.780887322    0.178609005    0.059867259
   17.813998844    0.151442476    0.052556240
   17.847110366    0.123232405    0.045377840
   17.880221888    0.093976686    0.038317107
   17.913333410    0.063680294    0.031358727
   17.946444932    0.032357542    0.024487196
   17.979556454    0.000034345    0.017686999
   18.012667976   -0.033250867    0.010942778
   18.045779498   -0.067448450    0.004239513
   18.078891020   -0.102500869   -0.002437276
   18.112002542   -0.138346645   -0.009101307
   18.145114064   -0.174922879   -0.015765293
   18.178225586   -0.212164544   -0.022440693
   18.211337108   -0.249999957   -0.029137485
   18.244448630   -0.288343380   -0.035863994
   18.277560152   -0.327087053   -0.042626784
   18.310671674   -0.366095350   -0.049430624
   18.343783196   -0.405203079   -0.056278519
   18.376894718   -0.444218534   -0.063171787
   18.410006240   -0.482930350   -0.070110157
   18.443117762   -0.521116195   -0.077091883
   18.476229284   -0.558551179   -0.084113839
   18.509340806   -0.595014584   -0.091171608
   18.542452328   -0.630294477   -0.098259558
   18.575563850   -0.664190684   -0.105370904
   18.608675372   -0.696516852   -0.112497766
   18.641786894   -0.727102136   -0.119631231
   18.674898416   -0.755792496   -0.126761424
   18.708009938   -0.782451219   -0.133877591
   18.741121460   -0.806958268   -0.140968213
   18.774232982   -0.829208439   -0.148021136
   18.807344504   -0.849108828   -0.155023731
   18.840456026   -0.866576481   -0.161963071
   18.873567548   -0.881537048   -0.168826112
   18.906679070   -0.893924876   -0.175599883
   18.939790592   -0.903684403   -0.182271659
   18.972902114   -0.910772273   -0.188829122
   19.006013636   -0.915159454   -0.195260500
   19.039125158   -0.916832787   -0.201554686
   19.072236680   -0.915795774   -0.207701331
   19.105348202   -0.912068634   -0.213690915
   19.138459724   -0.905687850   -0.219514810
   19.171571246   -0.896705339   -0.225165325
   19.204682768   -0.885187311   -0.230635757
   19.237794290   -0.871212895   -0.235920446
   19.270905812   -0.854872696   -0.241014844
   19.304017334   -0.836267636   -0.245915604
   19.337128857   -0.815508474   -0.250620671
   19.370240379   -0.792716313   -0.255129386
   19.403351901   -0.768024062   -0.259442559
   19.436463423   -0.741578523   -0.263562513
   19.469574945   -0.713542510   -0.267493081
   19.502686467   -0.684096408   -0.271239537
   19.535797989   -0.653438792   -0.274808473
   19.568909511   -0.621785948   -0.278207632
   19.602021033   -0.589370314   -0.281445712
   19.635132555   -0.556437828   -0.284532170
   19.668244077   -0.523244033   -0.287477027
   19.701355599   -0.490048771   -0.290290699
   19.734467121   -0.457109482   -0.292983839
   19.767578643   -0.424673625   -0.295567194
   19.800690165   -0.392971339   -0.298051461
   19.833801687   -0.362209838   -0.300447146
   19.866913209   -0.332570938   -0.302764433
   19.900024731   -0.304212406   -0.305013066
   19.933136253   -0.277272663   -0.307202260
   19.966247775   -0.251877278   -0.309340639
   19.999359297   -0.228145039   -0.311436205
   20.032470819   -0.206191539   -0.313496316
   20.065582341   -0.186129149   -0.315527657
   20.098693863   -0.168063586   -0.317536210
   20.131805385   -0.152088423   -0.319527213
   20.164916907   -0.138279456   -0.321505125
   20.198028429   -0.126690523   -0.323473625
   20.231139951   -0.117351420   -0.325435646
   20.264251473   -0.110267471   -0.327393449
   20.297362995   -0.105419520   -0.329348714
   20.330474517   -0.102763103   -0.331302615
   20.363586039   -0.102226223   -0.333255826
   20.396697561   -0.103706186   -0.335208472
   20.429809083   -0.107066872   -0.337159986
   20.462920605   -0.112138152   -0.339108938
   20.496032127   -0.118718732   -0.341052872
   20.529143649   -0.126582693   -0.342988197
   20.562255171   -0.135488837   -0.344910189
   20.595366693   -0.145191043   -0.346813101
   20.628478215   -0.155447634   -0.348690365
   20.661589737   -0.166028168   -0.350534867
   20.694701259   -0.176716970   -0.352339215
   20.727812781   -0.187313715   -0.354096003
   20.760924303   -0.197632035   -0.355798013
   20.794035825   -0.207497366   -0.357438370
   20.827147347   -0.216745025   -0.359010643
   20.860258869   -0.225219080   -0.360508906
   20.893370391   -0.232772134   -0.361927770
   20.926481913   -0.239265940   -0.363262387
   20.959593435   -0.244572712   -0.364508426
   20.992704957   -0.248577101   -0.365662038
   21.025816479   -0.251178829   -0.366719803
   21.058928001   -0.252295853   -0.367678684
   21.092039523   -0.251867702   -0.368535997
   21.125151045   -0.249858408   -0.369289401
   21.158262567   -0.246258366   -0.369936921
   21.191374089   -0.241084635   -0.370476989
   21.224485611   -0.234379597   -0.370908490
   21.257597133   -0.226208273   -0.371230806
   21.290708655   -0.216654948   -0.371443833
   21.323820177   -0.205819758   -0.371547984
   21.356931699   -0.193815756   -0.371544152
   21.390043221   -0.180766654   -0.371433667
   21.423154743   -0.166805228   -0.371218247
   21.456266265   -0.152072358   -0.370899945
   21.489377787   -0.136716728   -0.370481125
   21.522489309   -0.120895352   -0.369964452
   21.555600831   -0.104774988   -0.369352908
   21.588712354   -0.088534175   -0.368649829
   21.621823876   -0.072365154   -0.367858955
   21.654935398   -0.056474562   -0.366984492
   21.688046920   -0.041081754   -0.366031156
   21.721158442   -0.026414139   -0.365004222
   21.754269964   -0.012699802   -0.363909535
   21.787381486   -0.000158669   -0.362753490
   21.820493008    0.011005928   -0.361542971
   21.853604530    0.020613466   -0.360285234
   21.886716052    0.028509196   -0.358987731
   21.919827574    0.034563914   -0.357657891
   21.952939096    0.038671669   -0.356302870
   21.986050618    0.040746995   -0.354929291
   22.019162140    0.040722976   -0.353543036
   22.052273662    0.038550626   -0.352149101
   22.085385184    0.034199127   -0.350751555
   22.118496706    0.027655877   -0.349353596
   22.151608228    0.018925421   -0.347957692
   22.184719750    0.008027004   -0.346565759
   22.217831272   -0.005008633   -0.345179333
   22.250942794   -0.020142022   -0.343799688
   22.284054316   -0.037326214   -0.342427896
   22.317165838   -0.056506094   -0.341064805
   22.350277360   -0.077616418   -0.339710992
   22.383388882   -0.100579914   -0.338366705
   22.416500404   -0.125306932   -0.337031843
   22.449611926   -0.151697411   -0.335705978
   22.482723448   -0.179644813   -0.334388429
   22.515834970   -0.209040558   -0.333078364
   22.548946492   -0.239777041   -0.331774901
   22.582058014   -0.271747609   -0.330477202
   22.615169536   -0.304842981   -0.329184552
   22.648281058   -0.338944867   -0.327896423
   22.681392580   -0.373918618   -0.326612563
   22.714504102   -0.409607062   -0.325333092
   22.747615624   -0.445827311   -0.324058622
   22.780727146   -0.482371343   -0.322790370
   22.813838668   -0.519010136   -0.321530228
   22.846950190   -0.555500284   -0.320280777
   22.880061712   -0.591591702   -0.319045213
   22.913173234   -0.627035163   -0.317827198
   22.946284756   -0.661588763   -0.316630673
   22.979396278   -0.695022931   -0.315459654
   23.012507800   -0.727123878   -0.314318070
   23.045619322   -0.757695629   -0.313209653
   23.078730844   -0.786560815   -0.312137887
   23.111842366   -0.813560462   -0.311106017
   23.144953888   -0.838553007   -0.310117077
   23.178065410   -0.861412830   -0.309173929
   23.211176932   -0.882028590   -0.308279286
   23.244288454   -0.900301614   -0.307435720
   23.277399976   -0.916144561   -0.306645637
   23.310511498   -0.929480533   -0.305911244
   23.343623020   -0.940242752   -0.305234497
   23.376734542   -0.948374882   -0.304617024
   23.409846064   -0.953831964   -0.304060058
   23.442957586   -0.956581809   -0.303564345
   23.476069108   -0.956606500   -0.303130075
   23.509180630   -0.953903545   -0.302756831
   23.542292152   -0.948486258   -0.302443567
   23.575403674   -0.940383141   -0.302188625
   23.608515196   -0.929636407   -0.301989783
   23.641626718   -0.916300092   -0.301844331
   23.674738240   -0.900438446   -0.301749148
   23.707849762   -0.882125183   -0.301700777
   23.740961284   -0.861443878   -0.301695492
   23.774072806   -0.838489379   -0.301729346
   23.807184328   -0.813369766   -0.301798198
   23.840295850   -0.786208261   -0.301897720
   23.873407373   -0.757144676   -0.302023393
   23.906518895   -0.726336252   -0.302170469
   23.939630417   -0.693957993   -0.302333927
   23.972741939   -0.660202648   -0.302508437
   24.005853461   -0.625280274   -0.302688341
   24.038964983   -0.589416985   -0.302867691
   24.072076505   -0.552852271   -0.303040343
   24.105188027   -0.515834321   -0.303200119
   24.138299549   -0.478613279   -0.303340999
   24.171411071   -0.441433006   -0.303457320
   24.204522593   -0.404522672   -0.303543936
   24.237634115   -0.368089842   -0.303596314
   24.270745637   -0.332316568   -0.303610569
   24.303857159   -0.297359311   -0.303583431
   24.336968681   -0.263352520   -0.303512197
   24.370080203   -0.230414679   -0.303394680
   24.403191725   -0.198655046   -0.303229176
   24.436303247   -0.168179226   -0.303014454
   24.469414769   -0.139092308   -0.302749747
   24.502526291   -0.111499109   -0.302434730
   24.535637813   -0.085502097   -0.302069480
   24.568749335   -0.061198129   -0.301654416
   24.601860857   -0.038675389   -0.301190236
   24.634972379   -0.018011519   -0.300677884
   24.668083901    0.000726667   -0.300118539
   24.701195423    0.017482248   -0.299513643
   24.734306945    0.032206850   -0.298864933
   24.767418467    0.044859831   -0.298174456
   24.800529989    0.055408575   -0.297444544
   24.833641511    0.063829967   -0.296677747
   24.866753033    0.070112588   -0.295876740
   24.899864555    0.074258891   -0.295044252
   24.932976077    0.076286771   -0.294183037
   24.966087599    0.076230343   -0.293295928
   24.999199121    0.074140288   -0.292385954
   25.032310643    0.070084402   -0.291456513
   25.065422165    0.064148957   -0.290511529
   25.098533687    0.056440987   -0.289555567
   25.131645209    0.047090946   -0.288593857
   25.164756731    0.036254616   -0.287632231
   25.197868253    0.024113017   -0.286676983
   25.230979775    0.010869425   -0.285734676
   25.264091297   -0.003256536   -0.284811946
   25.297202819   -0.018036872   -0.283915316
   25.330314341   -0.033243706   -0.283051051
   25.363425863   -0.048656592   -0.282225050
   25.396537385   -0.064067403   -0.281442766
   25.429648907   -0.079282343   -0.280709175
   25.462760429   -0.094121491   -0.280028750
   25.495871951   -0.108416877   -0.279405477
   25.528983473   -0.122010208   -0.278842882
   25.562094995   -0.134751145   -0.278344074
   25.595206517   -0.146496566   -0.277911791
   25.628318039   -0.157110880   -0.277548440
   25.661429561   -0.166467222   -0.277256130
   25.694541083   -0.174449366   -0.277036677
   25.727652605   -0.180954228   -0.276891597
   25.760764127   -0.185894870   -0.276822084
   25.793875649   -0.189203766   -0.276828983
   25.826987171   -0.190835919   -0.276912759
   25.860098693   -0.190771286   -0.277073484
   25.893210215   -0.189015979   -0.277310826
   25.926321737   -0.185601947   -0.277624059
   25.959433259   -0.180585214   -0.278012095
   25.992544781   -0.174043058   -0.278473512
   26.025656303   -0.166070709   -0.279006601
   26.058767825   -0.156778101   -0.279609393
   26.091879347   -0.146287043   -0.280279674
   26.124990870   -0.134729000   -0.281014974
   26.158102392   -0.122243554   -0.281812530
   26.191213914   -0.108977667   -0.282669240
   26.224325436   -0.095085872   -0.283581608
   26.257436958   -0.080731453   -0.284545702
   26.290548480   -0.066088425   -0.285557136
   26.323660002   -0.051343695   -0.286611064
   26.356771524   -0.036698425   -0.287702202
   26.389883046   -0.022367520   -0.288824873
   26.422994568   -0.008576425   -0.289973069
   26.456106090    0.004444834   -0.291140561
   26.489217612    0.016469632   -0.292321040
   26.522329134    0.027283255   -0.293508306
   26.555440656    0.036690241   -0.294696470
   26.588552178    0.044519192   -0.295880155
   26.621663700    0.050624517   -0.297054639
   26.654775222    0.054885548   -0.298215912
   26.687886744    0.057204153   -0.299360635
   26.720998266    0.057502181   -0.300486011
   26.754109788    0.055719714   -0.301589615
   26.787221310    0.051814355   -0.302669228
   26.820332832    0.045761096   -0.303722730
   26.853444354    0.037551963   -0.304748073
   26.886555876    0.027194770   -0.305743327
   26.919667398    0.014710884   -0.306706759
   26.952778920    0.000132536   -0.307636913
   26.985890442   -0.016499389   -0.308532654
   27.019001964   -0.035136271   -0.309393164
   27.052113486   -0.055721139   -0.310217900
   27.085225008   -0.078187061   -0.311006548
   27.118336530   -0.102455682   -0.311758990
   27.151448052   -0.128437105   -0.312475301
   27.184559574   -0.156031790   -0.313155765
   27.217671096   -0.185134153   -0.313800903
   27.250782618   -0.215636609   -0.314411472
   27.283894140   -0.247432271   -0.314988448
   27.317005662   -0.280414773   -0.315532985
   27.350117184   -0.314474593   -0.316046364
   27.383228706   -0.349492571   -0.316529968
   27.416340228   -0.385332395   -0.316985265
   27.449451750   -0.421834341   -0.317413822
   27.482563272   -0.458812228   -0.317817315
   27.515674794   -0.496054510   -0.318197527
   27.548786316   -0.533329208   -0.318556320
   27.581897838   -0.570391343   -0.318895594
   27.615009360   -0.606991128   -0.319217226
   27.648120882   -0.642881404   -0.319523024
   27.681232404   -0.677823473   -0.319814704
   27.714343926   -0.711591223   -0.320093883
   27.747455448   -0.743973892   -0.320362093
   27.780566970   -0.774777905   -0.320620791
   27.813678492   -0.803827961   -0.320871370
   27.846790014   -0.830967324   -0.321115155
   27.879901536   -0.856057138   -0.321353404
   27.913013058   -0.878974791   -0.321587302
   27.946124580   -0.899611667   -0.321817968
   27.979236102   -0.917870904   -0.322046466
   28.012347624   -0.933665841   -0.322273806
   28.045459146   -0.946919539   -0.322500938
   28.078570668   -0.957565399   -0.322728730
   28.111682190   -0.965548487   -0.322957936
   28.144793712   -0.970827022   -0.323189171
   28.177905234   -0.973373593   -0.323422893
   28.211016756   -0.973175898   -0.323659405
   28.244128278   -0.970237031   -0.323898875
   28.277239800   -0.964575431   -0.324141353
   28.310351322   -0.956224515   -0.324386792
   28.343462844   -0.945231942   -0.324635055
   28.376574366   -0.931658456   -0.324885922
   28.409685889   -0.915576444   -0.325139092
   28.442797411   -0.897068614   -0.325394190
   28.475908933   -0.876227365   -0.325650788
   28.509020455   -0.853155320   -0.325908416
   28.542131977   -0.827967110   -0.326166575
   28.575243499   -0.800791957   -0.326424731
   28.608355021   -0.771776253   -0.326682296
   28.641466543   -0.741085260   -0.326938604
   28.674578065   -0.708903460   -0.327192897
   28.707689587   -0.675433572   -0.327444328
   28.740801109   -0.640894641   -0.327691995
   28.773912631   -0.605519640   -0.327934982
   28.807024153   -0.569552572   -0.328172419
   28.840135675   -0.533244639   -0.328403524
   28.873247197   -0.496848817   -0.328627631
   28.906358719   -0.460612581   -0.328844205
   28.939470241   -0.424769470   -0.329052836
   28.972581763   -0.389531180   -0.329253234
   29.005693285   -0.355082395   -0.329445227
   29.038804807   -0.321580194   -0.329628751
   29.071916329   -0.289158439   -0.329803850
   29.105027851   -0.257935831   -0.329970655
   29.138139373   -0.228024849   -0.330129373
   29.171250895   -0.199538446   -0.330280255
   29.204362417   -0.172592383   -0.330423579
   29.237473939   -0.147302895   -0.330559635
   29.270585461   -0.123781359   -0.330688720
   29.303696983   -0.102128630   -0.330811140
   29.336808505   -0.082431498   -0.330927210
   29.369920027   -0.064762290   -0.331037250
   29.403031549   -0.049180882   -0.331141574
   29.436143071   -0.035737173   -0.331240477
   29.469254593   -0.024471967   -0.331334223
   29.502366115   -0.015415250   -0.331423043
   29.535477637   -0.008582321   -0.331507141
   29.568589159   -0.003969376   -0.331586704
   29.601700681   -0.001550264   -0.331661908
   29.634812203   -0.001275331   -0.331732925
   29.667923725   -0.003071935   -0.331799909
   29.701035247   -0.006845321   -0.331862986
   29.734146769   -0.012478522   -0.331922245
   29.767258291   -0.019830912   -0.331977732
   29.800369813   -0.028736362   -0.332029451
   29.833481335   -0.039002900   -0.332077375
   29.866592857   -0.050415649   -0.332121456
   29.899704379   -0.062743667   -0.332161631
   29.932815901   -0.075749645   -0.332197827
   29.965927423   -0.089200092   -0.332229967
   29.999038945   -0.102873321   -0.332257968
   30.032150467   -0.116563487   -0.332281754
   30.065261989   -0.130080517   -0.332301256
   30.098373511   -0.143247325   -0.332316425
   30.131485033   -0.155896425   -0.332327228
   30.164596555   -0.167867740   -0.332333653
   30.197708077   -0.179008306   -0.332335699
   30.230819599   -0.189173450   -0.332333374
   30.263931121   -0.198228417   -0.332326694
   30.297042643   -0.206049649   -0.332315688
   30.330154165   -0.212525629   -0.332300399
   30.363265687   -0.217557954   -0.332280891
   30.396377209   -0.221063440   -0.332257246
   30.429488731   -0.222977549   -0.332229558
   30.462600253   -0.223258567   -0.332197930
   30.495711775   -0.221891208   -0.332162470
   30.528823297   -0.218888275   -0.332123290
   30.561934819   -0.214289660   -0.332080506
   30.595046341   -0.208159014   -0.332034244
   30.628157863   -0.200579296   -0.331984635
   30.661269385   -0.191648659   -0.331931808
   30.694380908   -0.181477626   -0.331875881
   30.727492430   -0.170187678   -0.331816954
   30.760603952   -0.157910612   -0.331755103
   30.793715474   -0.144787941   -0.331690388
   30.826826996   -0.130970002   -0.331622862
   30.859938518   -0.116615174   -0.331552576
   30.893050040   -0.101889966   -0.331479585
   30.926161562   -0.086970508   -0.331403946
   30.959273084   -0.072045106   -0.331325708
   30.992384606   -0.057316513   -0.331244911
   31.025496128   -0.043002090   -0.331161588
   31.058607650   -0.029330417   -0.331075763
   31.091719172   -0.016534124   -0.330987467
   31.124830694   -0.004840274   -0.330896735
   31.157942216    0.005539330   -0.330803596
   31.191053738    0.014415448   -0.330708065
   31.224165260    0.021624869   -0.330610120
   31.257276782    0.027030158   -0.330509691
   31.290388304    0.030517153   -0.330406655
   31.323499826    0.031992262   -0.330300847
   31.356611348    0.031381040   -0.330192071
   31.389722870    0.028628365   -0.330080112
   31.422834392    0.023699319   -0.329964737
   31.455945914    0.016579357   -0.329845691
   31.489057436    0.007272720   -0.329722688
   31.522168958   -0.004200889   -0.329595403
   31.555280480   -0.017810265   -0.329463473
   31.588392002   -0.033515721   -0.329326513
   31.621503524   -0.051269956   -0.329184124
   31.654615046   -0.071016685   -0.329035915
   31.687726568   -0.092688143   -0.328881499
   31.720838090   -0.116203224   -0.328720502
   31.753949612   -0.141467815   -0.328552553
   31.787061134   -0.168377784   -0.328377295
   31.820172656   -0.196823763   -0.328194403
   31.853284178   -0.226695791   -0.328003608
   31.886395700   -0.257885737   -0.327804733
   31.919507222   -0.290286118   -0.327597722
   31.952618744   -0.323785288   -0.327382658
   31.985730266   -0.358260276   -0.327159780
   32.018841788   -0.393569428   -0.326929495
   32.051953310   -0.429546999   -0.326692394
   32.085064832   -0.466001186   -0.326449276
   32.118176354   -0.502716013   -0.326201162
   32.151287876   -0.539456467   -0.325949305
   32.184399398   -0.575975631   -0.325695166
   32.217510920   -0.612022424   -0.325440360
   32.250622442   -0.647348798   -0.325186585
   32.283733964   -0.681715678   -0.324935539
   32.316845486   -0.714897405   -0.324688849
   32.349957008   -0.746684696   -0.324448035
   32.383068530   -0.776886317   -0.324214499
   32.416180052   -0.805329659   -0.323989541
   32.449291574   -0.831860410   -0.323774383
   32.482403096   -0.856341508   -0.323570187
   32.515514618   -0.878651590   -0.323378067
   32.548626140   -0.898683194   -0.323199079
   32.581737662   -0.916341046   -0.323034208
   32.614849184   -0.931540720   -0.322884362
   32.647960706   -0.944207940   -0.322750352
   32.681072228   -0.954278651   -0.322632885
   32.714183750   -0.961699824   -0.322532541
   32.747295272   -0.966430785   -0.322449751
   32.780406794   -0.968444698   -0.322384759
   32.813518316   -0.967729804   -0.322337600
   32.846629838   -0.964290068   -0.322308083
   32.879741360   -0.958145020   -0.322295801
   32.912852882   -0.949328854   -0.322300146
   32.945964405   -0.937889013   -0.322320354
   32.979075927   -0.923884670   -0.322355530
   33.012187449   -0.907385528   -0.322404675
   33.045298971   -0.888471297   -0.322466707
   33.078410493   -0.867232012   -0.322540461
   33.111522015   -0.843769154   -0.322624702
   33.144633537   -0.818197349   -0.322718131
   33.177745059   -0.790646269   -0.322819386
   33.210856581   -0.761262380   -0.322927042
   33.243968103   -0.730210185   -0.323039600
   33.277079625   -0.697672776   -0.323155462
   33.310191147   -0.663851557   -0.323272917
   33.343302669   -0.628965034   -0.323390141
   33.376414191   -0.593246549   -0.323505220
   33.409525713   -0.556940718   -0.323616214
   33.442637235   -0.520298380   -0.323721227
   33.475748757   -0.483570041   -0.323818495
   33.508860279   -0.446998236   -0.323906439
   33.541971801   -0.410809758   -0.323983704
   33.575083323   -0.375209166   -0.324049158
   33.608194845   -0.340375085   -0.324101874
   33.641306367   -0.306460349   -0.324141104
   33.674417889   -0.273596094   -0.324166269
   33.707529411   -0.241898702   -0.324176951
   33.740640933   -0.211477529   -0.324172894
   33.773752455   -0.182441067   -0.324154006
   33.806863977   -0.154899717   -0.324120340
   33.839975499   -0.128964669   -0.324072066
   33.873087021   -0.104743805   -0.324009441
   33.906198543   -0.082336632   -0.323932783
   33.939310065   -0.061830369   -0.323842459
   33.972421587   -0.043298566   -0.323738897
   34.005533109   -0.026802230   -0.323622597
   34.038644631   -0.012392231   -0.323494148
   34.071756153   -0.000111158   -0.323354218
   34.104867675    0.010006783   -0.323203537
   34.137979197    0.017938167   -0.323042862
   34.171090719    0.023674171   -0.322872942
   34.204202241    0.027224281   -0.322694506
   34.237313763    0.028618561   -0.322508272
   34.270425285    0.027908095   -0.322314981
   34.303536807    0.025164306   -0.322115445
   34.336648329    0.020478482   -0.321910596
   34.369759851    0.013962595   -0.321701512
   34.402871373    0.005751476   -0.321489427
   34.435982895   -0.003994813   -0.321275714
   34.469094417   -0.015090286   -0.321061851
   34.502205939   -0.027325687   -0.320849378
   34.535317461   -0.040474978   -0.320639850
   34.568428983   -0.054304620   -0.320434803
   34.601540505   -0.068583403   -0.320235713
   34.634652027   -0.083090349   -0.320043974
   34.667763549   -0.097619042   -0.319860872
   34.700875071   -0.111978161   -0.319687583
   34.733986593   -0.125989397   -0.319525156
   34.767098115   -0.139484583   -0.319374528
   34.800209637   -0.152303639   -0.319236522
   34.833321159   -0.164294025   -0.319111868
   34.866432681   -0.175311441   -0.319001206
   34.899544203   -0.185220997   -0.318905102
   34.932655725   -0.193898234   -0.318824052
   34.965767247   -0.201229998   -0.318758482
   34.998878769   -0.207115710   -0.318708748
   35.031990291   -0.211469683   -0.318675134
   35.065101813   -0.214224685   -0.318657844
   35.098213335   -0.215336100   -0.318656997
   35.131324857   -0.214785501   -0.318672623
   35.164436379   -0.212582331   -0.318704657
   35.197547901   -0.208763073   -0.318752941
   35.230659424   -0.203388206   -0.318817230
   35.263770946   -0.196538059   -0.318897201
   35.296882468   -0.188308880   -0.318992464
   35.329993990   -0.178810034   -0.319102568
   35.363105512   -0.168162405   -0.319227011
   35.396217034   -0.156497504   -0.319365234
   35.429328556   -0.143956592   -0.319516614
   35.462440078   -0.130689600   -0.319680450
   35.495551600   -0.116854232   -0.319855950
   35.528663122   -0.102616031   -0.320042221
   35.561774644   -0.088149906   -0.320238262
   35.594886166   -0.073642796   -0.320442959
   35.627997688   -0.059296159   -0.320655092
   35.661109210   -0.045326471   -0.320873341
   35.694220732   -0.031962233   -0.321096295
   35.727332254   -0.019437168   -0.321322481
   35.760443776   -0.007980813   -0.321550384
   35.793555298    0.002191244   -0.321778496
   35.826666820    0.010884996   -0.322005359
   35.859778342    0.017932005   -0.322229613
   35.892889864    0.023189687   -0.322450037
   35.926001386    0.026539230   -0.322665568
   35.959112908    0.027883102   -0.322875300
   35.992224430    0.027143646   -0.323078450
   36.025335952    0.024263175   -0.323274321
   36.058447474    0.019204756   -0.323462253
   36.091558996    0.011952343   -0.323641586
   36.124670518    0.002509199   -0.323811650
   36.157782040   -0.009105411   -0.323971772
   36.190893562   -0.022860203   -0.324121302
   36.224005084   -0.038714970   -0.324259641
   36.257116606   -0.056621543   -0.324386268
   36.290228128   -0.076522503   -0.324500741
   36.323339650   -0.098348723   -0.324602690
   36.356451172   -0.122017550   -0.324691809
   36.389562694   -0.147433206   -0.324767839
   36.422674216   -0.174489931   -0.324830575
   36.455785738   -0.203076929   -0.324879879
   36.488897260   -0.233083133   -0.324915703
   36.522008782   -0.264399550   -0.324938112
   36.555120304   -0.296917804   -0.324947294
   36.588231826   -0.330524852   -0.324943562
   36.621343348   -0.365095397   -0.324927354
   36.654454870   -0.400484301   -0.324899228
   36.687566392   -0.436521363   -0.324859871
   36.720677914   -0.473009916   -0.324810109
   36.753789436   -0.509729512   -0.324750922
   36.786900958   -0.546441808   -0.324683445
   36.820012480   -0.582898137   -0.324608952
   36.853124002   -0.618847259   -0.324528816
   36.886235524   -0.654042179   -0.324444448
   36.919347046   -0.688245550   -0.324357245
   36.952458568   -0.721233639   -0.324268538
   36.985570090   -0.752799053   -0.324179570
   37.018681612   -0.782752411   -0.324091495
   37.051793134   -0.810923043   -0.324005389
   37.084904656   -0.837158732   -0.323922265
   37.118016178   -0.861324572   -0.323843092
   37.151127700   -0.883301184   -0.323768792
   37.184239222   -0.902982667   -0.323700241
   37.217350744   -0.920274772   -0.323638257
   37.250462266   -0.935093686   -0.323583598
   37.283573788   -0.947365656   -0.323536952
   37.316685310   -0.957027453   -0.323498931
   37.349796832   -0.964027450   -0.323470056
   37.382908354   -0.968327010   -0.323450733
   37.416019876   -0.969901802   -0.323441234
   37.449131398   -0.968742767   -0.323441669
   37.482242921   -0.964856517   -0.323451981
   37.515354443   -0.958265072   -0.323471951
   37.548465965   -0.949004996   -0.323501216
   37.581577487   -0.937126098   -0.323539293
   37.614689009   -0.922689989   -0.323585604
   37.647800531   -0.905768897   -0.323639493
   37.680912053   -0.886445059   -0.323700233
   37.714023575   -0.864810974   -0.323767034
   37.747135097   -0.840970531   -0.323839047
   37.780246619   -0.815040800   -0.323915371
   37.813358141   -0.787154094   -0.323995055
   37.846469663   -0.757459813   -0.324077102
   37.879581185   -0.726125672   -0.324160454
   37.912692707   -0.693338073   -0.324243977
   37.945804229   -0.659301546   -0.324326451
   37.978915751   -0.624237252   -0.324406564
   38.012027273   -0.588380484   -0.324482933
   38.045138795   -0.551976953   -0.324554148
   38.078250317   -0.515277636   -0.324618827
   38.111361839   -0.478532153   -0.324675678
   38.144473361   -0.441981058   -0.324723539
   38.177584883   -0.405848107   -0.324761406
   38.210696405   -0.370333974   -0.324788431
   38.243807927   -0.335612998   -0.324803909
   38.276919449   -0.301833961   -0.324807260
   38.310030971   -0.269124813   -0.324798029
   38.343142493   -0.237600038   -0.324775876
   38.376254015   -0.207368394   -0.324740591
   38.409365537   -0.178538642   -0.324692086
   38.442477059   -0.151221616   -0.324630390
   38.475588581   -0.125528400   -0.324555628
   38.508700103   -0.101565836   -0.324467996
   38.541811625   -0.079431500   -0.324367742
   38.574923147   -0.059210216   -0.324255165
   38.608034669   -0.040973231   -0.324130616
   38.641146191   -0.024779742   -0.323994521
   38.674257713   -0.010679332   -0.323847386
   38.707369235    0.001286497   -0.323689797
   38.740480757    0.011084919   -0.323522399
   38.773592279    0.018694569   -0.323345865
   38.806703801    0.024109442   -0.323160867
   38.839815323    0.027342360   -0.322968065
   38.872926845    0.028426838   -0.322768115
   38.906038367    0.027417210   -0.322561706
   38.939149889    0.024387904   -0.322349602
   38.972261411    0.019433206   -0.322132693
   39.005372933    0.012668426   -0.321912022
   39.038484455    0.004232260   -0.321688793
   39.071595977   -0.005710987   -0.321464352
   39.104707499   -0.016971242   -0.321240149
   39.137819021   -0.029336019   -0.321017695
   39.170930543   -0.042577520   -0.320798509
   39.204042065   -0.056462136   -0.320584085
   39.237153587   -0.070760051   -0.320375855
   39.270265109   -0.085252568   -0.320175167
   39.303376631   -0.099735767   -0.319983273
   39.336488153   -0.114020552   -0.319801311
   39.369599675   -0.127930391   -0.319630312
   39.402711197   -0.141298571   -0.319471190
   39.435822719   -0.153966394   -0.319324758
   39.468934241   -0.165782830   -0.319191735
   39.502045763   -0.176605264   -0.319072759
   39.535157285   -0.186300594   -0.318968401
   39.568268807   -0.194746184   -0.318879165
   39.601380329   -0.201830785   -0.318805499
   39.634491851   -0.207456006   -0.318747784
   39.667603373   -0.211538899   -0.318706328
   39.700714895   -0.214015698   -0.318681360
   39.733826417   -0.214845932   -0.318673022
   39.766937940   -0.214015698   -0.318681360
   39.800049462   -0.211538899   -0.318706328
   39.833160984   -0.207456006   -0.318747784
   39.866272506   -0.201830785   -0.318805499
   39.899384028   -0.194746184   -0.318879165
   39.932495550   -0.186300594   -0.318968401
   39.965607072   -0.176605264   -0.319072759
   39.998718594   -0.165782830   -0.319191735
   40.031830116   -0.153966394   -0.319324758
   40.064941638   -0.141298571   -0.319471190
   40.098053160   -0.127930391   -0.319630312
   40.131164682   -0.114020552   -0.319801311
   40.164276204   -0.099735767   -0.319983273
   40.197387726   -0.085252568   -0.320175167
   40.230499248   -0.070760051   -0.320375855
   40.263610770   -0.056462136   -0.320584085
   40.296722292   -0.042577520   -0.320798509
   40.329833814   -0.029336019   -0.321017695
   40.362945336   -0.016971242   -0.321240149
   40.396056858   -0.005710987   -0.321464352
   40.429168380    0.004232260   -0.321688793
   40.462279902    0.012668426   -0.321912022
   40.495391424    0.019433206   -0.322132693
   40.528502946    0.024387904   -0.322349602
   40.561614468    0.027417210   -0.322561706
   40.594725990    0.028426838   -0.322768115
   40.627837512    0.027342360   -0.322968065
   40.660949034    0.024109442   -0.323160867
   40.694060556    0.018694569   -0.323345865
   40.727172078    0.011084919   -0.323522399
   40.760283600    0.001286497   -0.323689797
   40.793395122   -0.010679332   -0.323847386
   40.826506644   -0.024779742   -0.323994521
   40.859618166   -0.040973231   -0.324130616
   40.892729688   -0.059210216   -0.324255165
   40.925841210   -0.079431500   -0.324367742
   40.958952732   -0.101565836   -0.324467996
   40.992064254   -0.125528400   -0.324555628
   41.025175776   -0.151221615   -0.324630390
   41.058287298   -0.178538642   -0.324692086
   41.091398820   -0.207368394   -0.324740591
   41.124510342   -0.237600038   -0.324775876
   41.157621864   -0.269124813   -0.324798029
   41.190733386   -0.301833961   -0.324807260
   41.223844908   -0.335612998   -0.324803909
   41.256956430   -0.370333974   -0.324788431
   41.290067952   -0.405848107   -0.324761406
   41.323179474   -0.441981058   -0.324723539
   41.356290996   -0.478532153   -0.324675678
   41.389402518   -0.515277636   -0.324618827
   41.422514040   -0.551976953   -0.324554148
   41.455625562   -0.588380484   -0.324482933
   41.488737084   -0.624237252   -0.324406564
   41.521848606   -0.659301546   -0.324326451
   41.554960128   -0.693338073   -0.324243977
   41.588071650   -0.726125672   -0.324160454
   41.621183172   -0.757459813   -0.324077102
   41.654294694   -0.787154094   -0.323995055
   41.687406216   -0.815040800   -0.323915371
   41.720517738   -0.840970531   -0.323839047
   41.753629260   -0.864810974   -0.323767034
   41.786740782   -0.886445059   -0.323700233
   41.819852304   -0.905768897   -0.323639493
   41.852963826   -0.922689989   -0.323585604
   41.886075348   -0.937126098   -0.323539293
   41.919186870   -0.949004996   -0.323501216
   41.952298392   -0.958265072   -0.323471951
   41.985409914   -0.964856517   -0.323451981
   42.018521436   -0.968742767   -0.323441669
   42.051632959   -0.969901801   -0.323441234
   42.084744481   -0.968327010   -0.323450733
   42.117856003   -0.964027450   -0.323470056
   42.150967525   -0.957027453   -0.323498931
   42.184079047   -0.947365656   -0.323536952
   42.217190569   -0.935093686   -0.323583598
   42.250302091   -0.920274772   -0.323638257
   42.283413613   -0.902982667   -0.323700241
   42.316525135   -0.883301184   -0.323768792
   42.349636657   -0.861324572   -0.323843092
   42.382748179   -0.837158732   -0.323922265
   42.415859701   -0.810923043   -0.324005389
   42.448971223   -0.782752411   -0.324091495
   42.482082745   -0.752799053   -0.324179570
   42.515194267   -0.721233639   -0.324268538
   42.548305789   -0.688245550   -0.324357245
   42.581417311   -0.654042179   -0.324444448
   42.614528833   -0.618847259   -0.324528816
   42.647640355   -0.582898137   -0.324608952
   42.680751877   -0.546441808   -0.324683445
   42.713863399   -0.509729512   -0.324750922
   42.746974921   -0.473009916   -0.324810109
   42.780086443   -0.436521363   -0.324859871
   42.813197965   -0.400484301   -0.324899228
   42.846309487   -0.365095397   -0.324927354
   42.879421009   -0.330524852   -0.324943562
   42.912532531   -0.296917804   -0.324947294
   42.945644053   -0.264399550   -0.324938112
   42.978755575   -0.233083133   -0.324915703
   43.011867097   -0.203076929   -0.324879879
   43.044978619   -0.174489931   -0.324830575
   43.078090141   -0.147433206   -0.324767839
   43.111201663   -0.122017550   -0.324691809
   43.144313185   -0.098348723   -0.324602690
   43.177424707   -0.076522503   -0.324500741
   43.210536229   -0.056621543   -0.324386268
   43.243647751   -0.038714970   -0.324259641
   43.276759273   -0.022860203   -0.324121302
   43.309870795   -0.009105411   -0.323971772
   43.342982317    0.002509199   -0.323811650
   43.376093839    0.011952343   -0.323641586
   43.409205361    0.019204756   -0.323462253
   43.442316883    0.024263175   -0.323274321
   43.475428405    0.027143646   -0.323078450
   43.508539927    0.027883102   -0.322875300
   43.541651449    0.026539230   -0.322665568
   43.574762971    0.023189687   -0.322450037
   43.607874493    0.017932005   -0.322229613
   43.640986015    0.010884996   -0.322005359
   43.674097537    0.002191244   -0.321778496
   43.707209059   -0.007980813   -0.321550384
   43.740320581   -0.019437168   -0.321322481
   43.773432103   -0.031962233   -0.321096295
   43.806543625   -0.045326471   -0.320873341
   43.839655147   -0.059296159   -0.320655092
   43.872766669   -0.073642796   -0.320442959
   43.905878191   -0.088149906   -0.320238262
   43.938989713   -0.102616031   -0.320042221
   43.972101235   -0.116854232   -0.319855950
   44.005212757   -0.130689600   -0.319680450
   44.038324279   -0.143956592   -0.319516614
   44.071435801   -0.156497504   -0.319365234
   44.104547323   -0.168162405   -0.319227011
   44.137658845   -0.178810034   -0.319102568
   44.170770367   -0.188308880   -0.318992464
   44.203881889   -0.196538059   -0.318897201
   44.236993411   -0.203388206   -0.318817230
   44.270104933   -0.208763073   -0.318752941
   44.303216456   -0.212582331   -0.318704657
   44.336327978   -0.214785501   -0.318672623
   44.369439500   -0.215336100   -0.318656997
   44.402551022   -0.214224685   -0.318657844
   44.435662544   -0.211469683   -0.318675134
   44.468774066   -0.207115710   -0.318708748
   44.501885588   -0.201229998   -0.318758482
   44.534997110   -0.193898234   -0.318824052
   44.568108632   -0.185220997   -0.318905102
   44.601220154   -0.175311441   -0.319001206
   44.634331676   -0.164294025   -0.319111868
   44.667443198   -0.152303639   -0.319236522
   44.700554720   -0.139484583   -0.319374528
   44.733666242   -0.125989397   -0.319525156
   44.766777764   -0.111978161   -0.319687583
   44.799889286   -0.097619042   -0.319860872
   44.833000808   -0.083090349   -0.320043974
   44.866112330   -0.068583403   -0.320235713
   44.899223852   -0.054304620   -0.320434803
   44.932335374   -0.040474978   -0.320639850
   44.965446896   -0.027325687   -0.320849378
   44.998558418   -0.015090286   -0.321061851
   45.031669940   -0.003994813   -0.321275714
   45.064781462    0.005751476   -0.321489427
   45.097892984    0.013962595   -0.321701512
   45.131004506    0.020478482   -0.321910596
   45.164116028    0.025164306   -0.322115445
   45.197227550    0.027908095   -0.322314981
   45.230339072    0.028618561   -0.322508272
   45.263450594    0.027224281   -0.322694506
   45.296562116    0.023674171   -0.322872942
   45.329673638    0.017938167   -0.323042862
   45.362785160    0.010006783   -0.323203537
   45.395896682   -0.000111158   -0.323354218
   45.429008204   -0.012392231   -0.323494148
   45.462119726   -0.026802230   -0.323622597
   45.495231248   -0.043298566   -0.323738897
   45.528342770   -0.061830369   -0.323842459
   45.561454292   -0.082336632   -0.323932783
   45.594565814   -0.104743805   -0.324009441
   45.627677336   -0.128964669   -0.324072066
   45.660788858   -0.154899717   -0.324120340
   45.693900380   -0.182441067   -0.324154006
   45.727011902   -0.211477529   -0.324172894
   45.760123424   -0.241898702   -0.324176951
   45.793234946   -0.273596094   -0.324166269
   45.826346468   -0.306460349   -0.324141104
   45.859457990   -0.340375085   -0.324101874
   45.892569512   -0.375209166   -0.324049158
   45.925681034   -0.410809758   -0.323983704
   45.958792556   -0.446998236   -0.323906439
   45.991904078   -0.483570041   -0.323818495
   46.025015600   -0.520298380   -0.323721227
   46.058127122   -0.556940718   -0.323616214
   46.091238644   -0.593246549   -0.323505220
   46.124350166   -0.628965034   -0.323390141
   46.157461688   -0.663851557   -0.323272917
   46.190573210   -0.697672776   -0.323155462
   46.223684732   -0.730210185   -0.323039600
   46.256796254   -0.761262380   -0.322927042
   46.289907776   -0.790646269   -0.322819386
   46.323019298   -0.818197349   -0.322718131
   46.356130820   -0.843769154   -0.322624702
   46.389242342   -0.867232012   -0.322540461
   46.422353864   -0.888471297   -0.322466707
   46.455465386   -0.907385528   -0.322404675
   46.488576908   -0.923884670   -0.322355530
   46.521688430   -0.937889013   -0.322320354
   46.554799952   -0.949328854   -0.322300146
   46.587911475   -0.958145020   -0.322295801
   46.621022997   -0.964290068   -0.322308083
   46.654134519   -0.967729804   -0.322337600
   46.687246041   -0.968444698   -0.322384759
   46.720357563   -0.966430785   -0.322449751
   46.753469085   -0.961699824   -0.322532541
   46.786580607   -0.954278651   -0.322632885
   46.819692129   -0.944207940   -0.322750352
   46.852803651   -0.931540720   -0.322884362
   46.885915173   -0.916341046   -0.323034208
   46.919026695   -0.898683194   -0.323199079
   46.952138217   -0.878651590   -0.323378067
   46.985249739   -0.856341508   -0.323570187
   47.018361261   -0.831860410   -0.323774383
   47.051472783   -0.805329659   -0.323989541
   47.084584305   -0.776886317   -0.324214499
   47.117695827   -0.746684696   -0.324448035
   47.150807349   -0.714897405   -0.324688849
   47.183918871   -0.681715678   -0.324935539
   47.217030393   -0.647348798   -0.325186585
   47.250141915   -0.612022424   -0.325440360
   47.283253437   -0.575975631   -0.325695166
   47.316364959   -0.539456467   -0.325949305
   47.349476481   -0.502716013   -0.326201162
   47.382588003   -0.466001186   -0.326449276
   47.415699525   -0.429546999   -0.326692394
   47.448811047   -0.393569428   -0.326929495
   47.481922569   -0.358260276   -0.327159780
   47.515034091   -0.323785288   -0.327382658
   47.548145613   -0.290286118   -0.327597722
   47.581257135   -0.257885737   -0.327804733
   47.614368657   -0.226695791   -0.328003608
   47.647480179   -0.196823763   -0.328194403
   47.680591701   -0.168377784   -0.328377295
   47.713703223   -0.141467815   -0.328552553
   47.746814745   -0.116203224   -0.328720502
   47.779926267   -0.092688143   -0.328881499
   47.813037789   -0.071016685   -0.329035915
   47.846149311   -0.051269956   -0.329184124
   47.879260833   -0.033515721   -0.329326513
   47.912372355   -0.017810265   -0.329463473
   47.945483877   -0.004200889   -0.329595403
   47.978595399    0.007272720   -0.329722688
   48.011706921    0.016579357   -0.329845691
   48.044818443    0.023699319   -0.329964737
   48.077929965    0.028628365   -0.330080112
   48.111041487    0.031381040   -0.330192071
   48.144153009    0.031992262   -0.330300847
   48.177264531    0.030517153   -0.330406655
   48.210376053    0.027030158   -0.330509691
   48.243487575    0.021624869   -0.330610120
   48.276599097    0.014415448   -0.330708065
   48.309710619    0.005539330   -0.330803596
   48.342822141   -0.004840274   -0.330896735
   48.375933663   -0.016534124   -0.330987467
   48.409045185   -0.029330417   -0.331075763
   48.442156707   -0.043002090   -0.331161588
   48.475268229   -0.057316513   -0.331244911
   48.508379751   -0.072045106   -0.331325708
   48.541491273   -0.086970508   -0.331403946
   48.574602795   -0.101889966   -0.331479585
   48.607714317   -0.116615174   -0.331552576
   48.640825839   -0.130970002   -0.331622862
   48.673937361   -0.144787941   -0.331690388
   48.707048883   -0.157910612   -0.331755103
   48.740160405   -0.170187678   -0.331816954
   48.773271927   -0.181477626   -0.331875881
   48.806383449   -0.191648659   -0.331931808
   48.839494972   -0.200579296   -0.331984635
   48.872606494   -0.208159014   -0.332034244
   48.905718016   -0.214289660   -0.332080506
   48.938829538   -0.218888275   -0.332123290
   48.971941060   -0.221891208   -0.332162470
   49.005052582   -0.223258567   -0.332197930
   49.038164104   -0.222977549   -0.332229558
   49.071275626   -0.221063440   -0.332257246
   49.104387148   -0.217557954   -0.332280891
   49.137498670   -0.212525629   -0.332300399
   49.170610192   -0.206049649   -0.332315688
   49.203721714   -0.198228417   -0.332326694
   49.236833236   -0.189173450   -0.332333374
   49.269944758   -0.179008306   -0.332335699
   49.303056280   -0.167867740   -0.332333653
   49.336167802   -0.155896425   -0.332327228
   49.369279324   -0.143247325   -0.332316425
   49.402390846   -0.130080517   -0.332301256
   49.435502368   -0.116563487   -0.332281754
   49.468613890   -0.102873321   -0.332257968
   49.501725412   -0.089200092   -0.332229967
   49.534836934   -0.075749645   -0.332197827
   49.567948456   -0.062743667   -0.332161631
   49.601059978   -0.050415649   -0.332121456
   49.634171500   -0.039002900   -0.332077375
   49.667283022   -0.028736362   -0.332029451
   49.700394544   -0.019830912   -0.331977732
   49.733506066   -0.012478522   -0.331922245
   49.766617588   -0.006845321   -0.331862986
   49.799729110   -0.003071935   -0.331799909
   49.832840632   -0.001275331   -0.331732925
   49.865952154   -0.001550264   -0.331661908
   49.899063676   -0.003969376   -0.331586704
   49.932175198   -0.008582321   -0.331507141
   49.965286720   -0.015415250   -0.331423043
   49.998398242   -0.024471967   -0.331334223
   50.031509764   -0.035737173   -0.331240477
   50.064621286   -0.049180882   -0.331141574
   50.097732808   -0.064762290   -0.331037250
   50.130844330   -0.082431498   -0.330927210
   50.163955852   -0.102128630   -0.330811140
   50.197067374   -0.123781359   -0.330688720
   50.230178896   -0.147302895   -0.330559635
   50.263290418   -0.172592383   -0.330423579
   50.296401940   -0.199538446   -0.330280255
   50.329513462   -0.228024849   -0.330129373
   50.362624984   -0.257935831   -0.329970655
   50.395736506   -0.289158439   -0.329803850
   50.428848028   -0.321580194   -0.329628751
   50.461959550   -0.355082395   -0.329445227
   50.495071072   -0.389531180   -0.329253234
   50.528182594   -0.424769470   -0.329052836
   50.561294116   -0.460612581   -0.328844205
   50.594405638   -0.496848817   -0.328627631
   50.627517160   -0.533244639   -0.328403524
   50.660628682   -0.569552572   -0.328172419
   50.693740204   -0.605519640   -0.327934982
   50.726851726   -0.640894641   -0.327691995
   50.759963248   -0.675433572   -0.327444328
   50.793074770   -0.708903460   -0.327192897
   50.826186292   -0.741085260   -0.326938604
   50.859297814   -0.771776253   -0.326682296
   50.892409336   -0.800791957   -0.326424731
   50.925520858   -0.827967110   -0.326166575
   50.958632380   -0.853155320   -0.325908416
   50.991743902   -0.876227365   -0.325650788
   51.024855424   -0.897068614   -0.325394190
   51.057966946   -0.915576444   -0.325139092
   51.091078468   -0.931658456   -0.324885922
   51.124189991   -0.945231942   -0.324635055
   51.157301513   -0.956224515   -0.324386792
   51.190413035   -0.964575431   -0.324141353
   51.223524557   -0.970237031   -0.323898875
   51.256636079   -0.973175898   -0.323659405
   51.289747601   -0.973373593   -0.323422893
   51.322859123   -0.970827022   -0.323189171
   51.355970645   -0.965548487   -0.322957936
   51.389082167   -0.957565399   -0.322728730
   51.422193689   -0.946919539   -0.322500938
   51.455305211   -0.933665841   -0.322273806
   51.488416733   -0.917870904   -0.322046466
   51.521528255   -0.899611667   -0.321817968
   51.554639777   -0.878974791   -0.321587302
   51.587751299   -0.856057138   -0.321353404
   51.620862821   -0.830967324   -0.321115155
   51.653974343   -0.803827961   -0.320871370
   51.687085865   -0.774777905   -0.320620791
   51.720197387   -0.743973892   -0.320362093
   51.753308909   -0.711591223   -0.320093883
   51.786420431   -0.677823473   -0.319814704
   51.819531953   -0.642881404   -0.319523024
   51.852643475   -0.606991128   -0.319217226
   51.885754997   -0.570391343   -0.318895594
   51.918866519   -0.533329208   -0.318556320
   51.951978041   -0.496054510   -0.318197527
   51.985089563   -0.458812228   -0.317817315
   52.018201085   -0.421834341   -0.317413822
   52.051312607   -0.385332395   -0.316985265
   52.084424129   -0.349492571   -0.316529968
   52.117535651   -0.314474593   -0.316046364
   52.150647173   -0.280414773   -0.315532985
   52.183758695   -0.247432271   -0.314988448
   52.216870217   -0.215636609   -0.314411472
   52.249981739   -0.185134153   -0.313800903
   52.283093261   -0.156031790   -0.313155765
   52.316204783   -0.128437105   -0.312475301
   52.349316305   -0.102455682   -0.311758990
   52.382427827   -0.078187061   -0.311006548
   52.415539349   -0.055721139   -0.310217900
   52.448650871   -0.035136271   -0.309393164
   52.481762393   -0.016499389   -0.308532654
   52.514873915    0.000132536   -0.307636913
   52.547985437    0.014710884   -0.306706759
   52.581096959    0.027194770   -0.305743327
   52.614208481    0.037551963   -0.304748073
   52.647320003    0.045761096   -0.303722730
   52.680431525    0.051814355   -0.302669228
   52.713543047    0.055719714   -0.301589615
   52.746654569    0.057502181   -0.300486011
   52.779766091    0.057204153   -0.299360635
   52.812877613    0.054885548   -0.298215912
   52.845989135    0.050624517   -0.297054639
   52.879100657    0.044519192   -0.295880155
   52.912212179    0.036690241   -0.294696470
   52.945323701    0.027283255   -0.293508306
   52.978435223    0.016469632   -0.292321040
   53.011546745    0.004444834   -0.291140561
   53.044658267   -0.008576425   -0.289973069
   53.077769789   -0.022367520   -0.288824873
   53.110881311   -0.036698425   -0.287702202
   53.143992833   -0.051343695   -0.286611064
   53.177104355   -0.066088425   -0.285557136
   53.210215877   -0.080731453   -0.284545702
   53.243327399   -0.095085872   -0.283581608
   53.276438921   -0.108977667   -0.282669240
   53.309550443   -0.122243554   -0.281812530
   53.342661965   -0.134729000   -0.281014974
   53.375773487   -0.146287043   -0.280279674
   53.408885010   -0.156778101   -0.279609393
   53.441996532   -0.166070709   -0.279006601
   53.475108054   -0.174043058   -0.278473512
   53.508219576   -0.180585214   -0.278012095
   53.541331098   -0.185601947   -0.277624059
   53.574442620   -0.189015979   -0.277310826
   53.607554142   -0.190771286   -0.277073484
   53.640665664   -0.190835919   -0.276912759
   53.673777186   -0.189203766   -0.276828983
   53.706888708   -0.185894870   -0.276822084
   53.740000230   -0.180954228   -0.276891597
   53.773111752   -0.174449366   -0.277036677
   53.806223274   -0.166467222   -0.277256130
   53.839334796   -0.157110880   -0.277548440
   53.872446318   -0.146496566   -0.277911791
   53.905557840   -0.134751145   -0.278344074
   53.938669362   -0.122010208   -0.278842882
   53.971780884   -0.108416877   -0.279405477
   54.004892406   -0.094121491   -0.280028750
   54.038003928   -0.079282343   -0.280709175
   54.071115450   -0.064067403   -0.281442766
   54.104226972   -0.048656592   -0.282225050
   54.137338494   -0.033243706   -0.283051051
   54.170450016   -0.018036872   -0.283915316
   54.203561538   -0.003256536   -0.284811946
   54.236673060    0.010869425   -0.285734676
   54.269784582    0.024113017   -0.286676983
   54.302896104    0.036254616   -0.287632231
   54.336007626    0.047090946   -0.288593857
   54.369119148    0.056440987   -0.289555567
   54.402230670    0.064148957   -0.290511529
   54.435342192    0.070084402   -0.291456513
   54.468453714    0.074140288   -0.292385954
   54.501565236    0.076230343   -0.293295928
   54.534676758    0.076286771   -0.294183037
   54.567788280    0.074258891   -0.295044252
   54.600899802    0.070112588   -0.295876740
   54.634011324    0.063829967   -0.296677747
   54.667122846    0.055408575   -0.297444544
   54.700234368    0.044859831   -0.298174456
   54.733345890    0.032206850   -0.298864933
   54.766457412    0.017482248   -0.299513643
   54.799568934    0.000726667   -0.300118539
   54.832680456   -0.018011519   -0.300677884
   54.865791978   -0.038675389   -0.301190236
   54.898903500   -0.061198129   -0.301654416
   54.932015022   -0.085502097   -0.302069480
   54.965126544   -0.111499109   -0.302434730
   54.998238066   -0.139092308   -0.302749747
   55.031349588   -0.168179226   -0.303014454
   55.064461110   -0.198655046   -0.303229176
   55.097572632   -0.230414679   -0.303394680
   55.130684154   -0.263352520   -0.303512197
   55.163795676   -0.297359311   -0.303583431
   55.196907198   -0.332316568   -0.303610569
   55.230018720   -0.368089842   -0.303596314
   55.263130242   -0.404522672   -0.303543936
   55.296241764   -0.441433006   -0.303457320
   55.329353286   -0.478613279   -0.303340999
   55.362464808   -0.515834321   -0.303200119
   55.395576330   -0.552852271   -0.303040343
   55.428687852   -0.589416985   -0.302867691
   55.461799374   -0.625280274   -0.302688341
   55.494910896   -0.660202648   -0.302508437
   55.528022418   -0.693957993   -0.302333927
   55.561133940   -0.726336252   -0.302170469
   55.594245462   -0.757144676   -0.302023393
   55.627356984   -0.786208261   -0.301897720
   55.660468507   -0.813369766   -0.301798198
   55.693580029   -0.838489379   -0.301729346
   55.726691551   -0.861443878   -0.301695492
   55.759803073   -0.882125183   -0.301700777
   55.792914595   -0.900438446   -0.301749148
   55.826026117   -0.916300092   -0.301844331
   55.859137639   -0.929636407   -0.301989783
   55.892249161   -0.940383141   -0.302188625
   55.925360683   -0.948486258   -0.302443567
   55.958472205   -0.953903545   -0.302756831
   55.991583727   -0.956606500   -0.303130075
   56.024695249   -0.956581809   -0.303564345
   56.057806771   -0.953831964   -0.304060058
   56.090918293   -0.948374882   -0.304617024
   56.124029815   -0.940242752   -0.305234497
   56.157141337   -0.929480533   -0.305911244
   56.190252859   -0.916144561   -0.306645637
   56.223364381   -0.900301614   -0.307435720
   56.256475903   -0.882028590   -0.308279286
   56.289587425   -0.861412830   -0.309173929
   56.322698947   -0.838553007   -0.310117077
   56.355810469   -0.813560462   -0.311106017
   56.388921991   -0.786560815   -0.312137887
   56.422033513   -0.757695629   -0.313209653
   56.455145035   -0.727123878   -0.314318070
   56.488256557   -0.695022931   -0.315459654
   56.521368079   -0.661588763   -0.316630673
   56.554479601   -0.627035163   -0.317827198
   56.587591123   -0.591591702   -0.319045213
   56.620702645   -0.555500284   -0.320280777
   56.653814167   -0.519010136   -0.321530228
   56.686925689   -0.482371343   -0.322790370
   56.720037211   -0.445827311   -0.324058622
   56.753148733   -0.409607062   -0.325333092
   56.786260255   -0.373918618   -0.326612563
   56.819371777   -0.338944867   -0.327896423
   56.852483299   -0.304842981   -0.329184552
   56.885594821   -0.271747609   -0.330477202
   56.918706343   -0.239777041   -0.331774901
   56.951817865   -0.209040558   -0.333078364
   56.984929387   -0.179644813   -0.334388429
   57.018040909   -0.151697411   -0.335705978
   57.051152431   -0.125306932   -0.337031843
   57.084263953   -0.100579914   -0.338366705
   57.117375475   -0.077616418   -0.339710992
   57.150486997   -0.056506094   -0.341064805
   57.183598519   -0.037326214   -0.342427896
   57.216710041   -0.020142022   -0.343799688
   57.249821563   -0.005008633   -0.345179333
   57.282933085    0.008027004   -0.346565759
   57.316044607    0.018925421   -0.347957692
   57.349156129    0.027655877   -0.349353596
   57.382267651    0.034199127   -0.350751555
   57.415379173    0.038550626   -0.352149101
   57.448490695    0.040722976   -0.353543036
   57.481602217    0.040746995   -0.354929291
   57.514713739    0.038671669   -0.356302870
   57.547825261    0.034563914   -0.357657891
   57.580936783    0.028509196   -0.358987731
   57.614048305    0.020613466   -0.360285234
   57.647159827    0.011005928   -0.361542971
   57.680271349   -0.000158669   -0.362753490
   57.713382871   -0.012699802   -0.363909535
   57.746494393   -0.026414139   -0.365004222
   57.779605915   -0.041081754   -0.366031156
   57.812717437   -0.056474562   -0.366984492
   57.845828959   -0.072365154   -0.367858955
   57.878940481   -0.088534175   -0.368649829
   57.912052003   -0.104774988   -0.369352908
   57.945163526   -0.120895352   -0.369964452
   57.978275048   -0.136716728   -0.370481125
   58.011386570   -0.152072358   -0.370899945
   58.044498092   -0.166805228   -0.371218247
   58.077609614   -0.180766654   -0.371433667
   58.110721136   -0.193815756   -0.371544152
   58.143832658   -0.205819758   -0.371547984
   58.176944180   -0.216654948   -0.371443833
   58.210055702   -0.226208273   -0.371230806
   58.243167224   -0.234379597   -0.370908490
   58.276278746   -0.241084635   -0.370476989
   58.309390268   -0.246258366   -0.369936921
   58.342501790   -0.249858408   -0.369289401
   58.375613312   -0.251867702   -0.368535997
   58.408724834   -0.252295853   -0.367678684
   58.441836356   -0.251178829   -0.366719803
   58.474947878   -0.248577101   -0.365662038
   58.508059400   -0.244572712   -0.364508426
   58.541170922   -0.239265940   -0.363262387
   58.574282444   -0.232772134   -0.361927770
   58.607393966   -0.225219080   -0.360508906
   58.640505488   -0.216745025   -0.359010643
   58.673617010   -0.207497366   -0.357438370
   58.706728532   -0.197632035   -0.355798013
   58.739840054   -0.187313715   -0.354096003
   58.772951576   -0.176716970   -0.352339215
   58.806063098   -0.166028168   -0.350534867
   58.839174620   -0.155447634   -0.348690365
   58.872286142   -0.145191043   -0.346813101
   58.905397664   -0.135488837   -0.344910189
   58.938509186   -0.126582693   -0.342988197
   58.971620708   -0.118718732   -0.341052872
   59.004732230   -0.112138152   -0.339108938
   59.037843752   -0.107066872   -0.337159986
   59.070955274   -0.103706186   -0.335208472
   59.104066796   -0.102226223   -0.333255826
   59.137178318   -0.102763103   -0.331302615
   59.170289840   -0.105419520   -0.329348714
   59.203401362   -0.110267471   -0.327393449
   59.236512884   -0.117351420   -0.325435646
   59.269624406   -0.126690523   -0.323473625
   59.302735928   -0.138279456   -0.321505125
   59.335847450   -0.152088423   -0.319527213
   59.368958972   -0.168063586   -0.317536210
   59.402070494   -0.186129149   -0.315527657
   59.435182016   -0.206191539   -0.313496316
   59.468293538   -0.228145039   -0.311436205
   59.501405060   -0.251877278   -0.309340639
   59.534516582   -0.277272663   -0.307202260
   59.567628104   -0.304212406   -0.305013066
   59.600739626   -0.332570938   -0.302764433
   59.633851148   -0.362209838   -0.300447146
   59.666962670   -0.392971339   -0.298051461
   59.700074192   -0.424673625   -0.295567194
   59.733185714   -0.457109482   -0.292983839
   59.766297236   -0.490048771   -0.290290699
   59.799408758   -0.523244033   -0.287477027
   59.832520280   -0.556437828   -0.284532170
   59.865631802   -0.589370314   -0.281445712
   59.898743324   -0.621785948   -0.278207632
   59.931854846   -0.653438792   -0.274808473
   59.964966368   -0.684096408   -0.271239537
   59.998077890   -0.713542510   -0.267493081
   60.031189412   -0.741578523   -0.263562513
   60.064300934   -0.768024062   -0.259442559
   60.097412456   -0.792716313   -0.255129386
   60.130523978   -0.815508474   -0.250620671
   60.163635500   -0.836267636   -0.245915604
   60.196747023   -0.854872696   -0.241014844
   60.229858545   -0.871212895   -0.235920446
   60.262970067   -0.885187311   -0.230635757
   60.296081589   -0.896705339   -0.225165325
   60.329193111   -0.905687850   -0.219514810
   60.362304633   -0.912068634   -0.213690915
   60.395416155   -0.915795774   -0.207701331
   60.428527677   -0.916832787   -0.201554686
   60.461639199   -0.915159454   -0.195260500
   60.494750721   -0.910772273   -0.188829122
   60.527862243   -0.903684403   -0.182271659
   60.560973765   -0.893924876   -0.175599883
   60.594085287   -0.881537048   -0.168826112
   60.627196809   -0.866576481   -0.161963071
   60.660308331   -0.849108828   -0.155023731
   60.693419853   -0.829208439   -0.148021136
   60.726531375   -0.806958268   -0.140968213
   60.759642897   -0.782451219   -0.133877591
   60.792754419   -0.755792496   -0.126761424
   60.825865941   -0.727102136   -0.119631231
   60.858977463   -0.696516852   -0.112497766
   60.892088985   -0.664190684   -0.105370904
   60.925200507   -0.630294477   -0.098259558
   60.958312029   -0.595014584   -0.091171608
   60.991423551   -0.558551179   -0.084113839
   61.024535073   -0.521116195   -0.077091883
   61.057646595   -0.482930350   -0.070110157
   61.090758117   -0.444218534   -0.063171787
   61.123869639   -0.405203079   -0.056278519
   61.156981161   -0.366095350   -0.049430624
   61.190092683   -0.327087053   -0.042626784
   61.223204205   -0.288343380   -0.035863994
   61.256315727   -0.249999957   -0.029137485
   61.289427249   -0.212164544   -0.022440693
   61.322538771   -0.174922879   -0.015765293
   61.355650293   -0.138346645   -0.009101307
   61.388761815   -0.102500869   -0.002437276
   61.421873337   -0.067448450    0.004239513
   61.454984859   -0.033250867    0.010942778
   61.488096381    0.000034345    0.017686999
   61.521207903    0.032357542    0.024487196
   61.554319425    0.063680294    0.031358727
   61.587430947    0.093976686    0.038317107
   61.620542469    0.123232405    0.045377840
   61.653653991    0.151442476    0.052556240
   61.686765513    0.178609005    0.059867259
   61.719877035    0.204739963    0.067325322
   61.752988557    0.229849260    0.074944202
   61.786100079    0.253957529    0.082736926
   61.819211601    0.277092652    0.090715725
   61.852323123    0.299289254    0.098892021
   61.885434645    0.320587027    0.107276397
   61.918546167    0.341028363    0.115878557
   61.951657689    0.360656127    0.124707227
   61.984769211    0.379512201    0.133770014
   62.017880733    0.397636978    0.143073232
   62.050992255    0.415069458    0.152621713
   62.084103777    0.431847350    0.162418647
   62.117215299    0.448006777    0.172465459
   62.150326821    0.463581555    0.182761738
   62.183438343    0.478602395    0.193305222
   62.216549865    0.493096528    0.204091822
   62.249661387    0.507088028    0.215115697
   62.282772909    0.520598711    0.226369339
   62.315884431    0.533649176    0.237843695
   62.348995953    0.546259489    0.249528292
   62.382107475    0.558449200    0.261411371
   62.415218997    0.570236838    0.273480016
   62.448330519    0.581639268    0.285720271
   62.481442042    0.592671384    0.298117232
   62.514553564    0.603346368    0.310655135
   62.547665086    0.613676383    0.323317423
   62.580776608    0.623673331    0.336086820
   62.613888130    0.633349245    0.348945409
   62.646999652    0.642716152    0.361874709
   62.680111174    0.651785544    0.374855778
   62.713222696    0.660567834    0.387869311
   62.746334218    0.669072152    0.400895746
   62.779445740    0.677306634    0.413915385
   62.812557262    0.685279021    0.426908507
   62.845668784    0.692997226    0.439855491
   62.878780306    0.700469541    0.452736929
   62.911891828    0.707704395    0.465533738
   62.945003350    0.714709836    0.478227240
   62.978114872    0.721493083    0.490799239
   63.011226394    0.728060434    0.503232082
   63.044337916    0.734417578    0.515508714
   63.077449438    0.740570131    0.527612750
   63.110560960    0.746524057    0.539528567
   63.143672482    0.752285742    0.551241412
   63.176784004    0.757861677    0.562737519
   63.209895526    0.763257978    0.574004243
   63.243007048    0.768480044    0.585030170
   63.276118570    0.773532550    0.595805234
   63.309230092    0.778419800    0.606320808
   63.342341614    0.783146195    0.616569792
   63.375453136    0.787716541    0.626546678
   63.408564658    0.792136015    0.636247578
   63.441676180    0.796409823    0.645670212
   63.474787702    0.800542760    0.654813827
   63.507899224    0.804538972    0.663679052
   63.541010746    0.808402033    0.672267708
   63.574122268    0.812135312    0.680582592
   63.607233790    0.815742385    0.688627275
   63.640345312    0.819227241    0.696405950
   63.673456834    0.822594167    0.703923328
   63.706568356    0.825847390    0.711184595
   63.739679878    0.828990699    0.718195392
   63.772791400    0.832027292    0.724961807
   63.805902922    0.834959929    0.731490343
   63.839014444    0.837791298    0.737787860
   63.872125966    0.840524359    0.743861493
   63.905237488    0.843162464    0.749718566
   63.938349010    0.845709179    0.755366512
   63.971460532    0.848167923    0.760812802
   64.004572054    0.850541659    0.766064897
   64.037683576    0.852832820    0.771130201
   64.070795098    0.855043519    0.776016020
   64.103906620    0.857175900    0.780729508
   64.137018142    0.859232423    0.785277622
   64.170129664    0.861215900    0.789667068
   64.203241186    0.863129267    0.793904273
   64.236352708    0.864975244    0.797995362
   64.269464230    0.866756091    0.801946155
   64.302575752    0.868473607    0.805762170
   64.335687274    0.870129381    0.809448635
   64.368798796    0.871725121    0.813010496
   64.401910318    0.873262872    0.816452428
   64.435021840    0.874744979    0.819778847
   64.468133362    0.876173833    0.822993930
   64.501244884    0.877551551    0.826101638
   64.534356406    0.878879802    0.829105735
   64.567467928    0.880159876    0.832009814
   64.600579450    0.881392949    0.834817309
   64.633690972    0.882580392    0.837531504
   64.666802494    0.883723909    0.840155540
   64.699914016    0.884825452    0.842692418
   64.733025538    0.885886937    0.845145012
   64.766137061    0.886909972    0.847516075
   64.799248583    0.887895739    0.849808253
   64.832360105    0.888845121    0.852024099
   64.865471627    0.889758983    0.854166076
   64.898583149    0.890638431    0.856236558
   64.931694671    0.891484895    0.858237837
   64.964806193    0.892299986    0.860172119
   64.997917715    0.893085214    0.862041529
   65.031029237    0.893841750    0.863848121
   65.064140759    0.894570383    0.865593882
   65.097252281    0.895271685    0.867280742
   65.130363803    0.895946286    0.868910571
   65.163475325    0.896595098    0.870485181
   65.196586847    0.897219326    0.872006328
   65.229698369    0.897820290    0.873475708
   65.262809891    0.898399154    0.874894961
   65.295921413    0.898956732    0.876265678
   65.329032935    0.899493503    0.877589404
   65.362144457    0.900009810    0.878867641
   65.395255979    0.900506125    0.880101849
   65.428367501    0.900983218    0.881293446
   65.461479023    0.901442117    0.882443803
   65.494590545    0.901883898    0.883554250
   65.527702067    0.902309431    0.884626070
   65.560813589    0.902719243    0.885660514
   65.593925111    0.903113577    0.886658795
   65.627036633    0.903492619    0.887622094
   65.660148155    0.903856742    0.888551559
   65.693259677    0.904206613    0.889448304
   65.726371199    0.904543117    0.890313405
   65.759482721    0.904867120    0.891147906
   65.792594243    0.905179246    0.891952816
   65.825705765    0.905479791    0.892729116
   65.858817287    0.905768827    0.893477759
   65.891928809    0.906046439    0.894199673
   65.925040331    0.906312939    0.894895757
   65.958151853    0.906568926    0.895566885
   65.991263375    0.906815162    0.896213899
   66.024374897    0.907052336    0.896837613
   66.057486419    0.907280870    0.897438817
   66.090597941    0.907500883    0.898018276
   66.123709463    0.907712334    0.898576735
   66.156820985    0.907915255    0.899114918
   66.189932507    0.908109926    0.899633524
   66.223044029    0.908296891    0.900133232
   66.256155551    0.908476798    0.900614696
   66.289267073    0.908650172    0.901078546
   66.322378595    0.908817261    0.901525394
   66.355490117    0.908978048    0.901955833
   66.388601639    0.909132424    0.902370439
   66.421713161    0.909280408    0.902769770
   66.454824683    0.909422281    0.903154367
   66.487936205    0.909558550    0.903524752
   66.521047727    0.909689769    0.903881427
   66.554159249    0.909816322    0.904224876
   66.587270771    0.909938314    0.904555567
   66.620382293    0.910055630    0.904873956
   66.653493815    0.910168123    0.905180485
   66.686605337    0.910275822    0.905475581
   66.719716859    0.910379014    0.905759657
   66.752828381    0.910478174    0.906033110
   66.785939903    0.910573764    0.906296323
   66.819051425    0.910666044    0.906549664
   66.852162947    0.910755005    0.906793489
   66.885274469    0.910840464    0.907028145
   66.918385991    0.910922266    0.907253966
   66.951497513    0.911000466    0.907471279
   66.984609035    0.911075364    0.907680394
   67.017720558    0.911147402    0.907881613
   67.050832080    0.911216956    0.908075223
   67.083943602    0.911284175    0.908261502
   67.117055124    0.911348959    0.908440719
   67.150166646    0.911411087    0.908613135
   67.183278168    0.911470421    0.908779003
   67.216389690    0.911527049    0.908938567
   67.249501212    0.911581287    0.909092062
   67.282612734    0.911633539    0.909239713
   67.315724256    0.911684098    0.909381734
   67.348835778    0.911733015    0.909518334
   67.381947300    0.911780122    0.909649715
   67.415058822    0.911825185    0.909776071
   67.448170344    0.911868095    0.909897593
   67.481281866    0.911908981    0.910014463
   67.514393388    0.911948168    0.910126857
   67.547504910    0.911986020    0.910234940
   67.580616432    0.912022745    0.910338873
   67.613727954    0.912058313    0.910438811
   67.646839476    0.912092508    0.910534904
   67.679950998    0.912125099    0.910627298
   67.713062520    0.912156020    0.910716135
   67.746174042    0.912185441    0.910801550
   67.779285564    0.912213690    0.910883673
   67.812397086    0.912241082    0.910962627
   67.845508608    0.912267749    0.911038530
   67.878620130    0.912293588    0.911111497
   67.911731652    0.912318355    0.911181640
   67.944843174    0.912341841    0.911249067
   67.977954696    0.912364028    0.911313884
   68.011066218    0.912385123    0.911376191
   68.044177740    0.912405450    0.911436082
   68.077289262    0.912425270    0.911493649
   68.110400784    0.912444639    0.911548979
   68.143512306    0.912463400    0.911602156
   68.176623828    0.912481294    0.911653263
   68.209735350    0.912498148    0.911702382
   68.242846872    0.912513995    0.911749589
   68.275958394    0.912529073    0.911794959
   68.309069916    0.912543688    0.911838561
   68.342181438    0.912558045    0.911880462
   68.375292960    0.912572131    0.911920725
   68.408404482    0.912585743    0.911959414
   68.441516004    0.912598625    0.911996590
   68.474627526    0.912610648    0.912032312
   68.507739048    0.912621898    0.912066636
   68.540850570    0.912632633    0.912099618
   68.573962092    0.912643140    0.912131308
   68.607073614    0.912653562    0.912161755
   68.640185136    0.912663825    0.912191005
   68.673296658    0.912673693    0.912219106
   68.706408180    0.912682931    0.912246101
   68.739519702    0.912691455    0.912272036
   68.772631224    0.912699398    0.912296953
   68.805742746    0.912707031    0.912320889
   68.838854268    0.912714607    0.912343884
   68.871965790    0.912722209    0.912365971
   68.905077312    0.912729708    0.912387185
   68.938188834    0.912736854    0.912407561
   68.971300356    0.912743438    0.912427132
   69.004411878    0.912749430    0.912445931
   69.037523400    0.912755003    0.912463988
   69.070634922    0.912760430    0.912481331
   69.103746444    0.912765922    0.912497988
   69.136857966    0.912771504    0.912513984
   69.169969488    0.912777002    0.912529344
   69.203081010    0.912782163    0.912544095
   69.236192532    0.912786814    0.912558260
   69.269304054    0.912790979    0.912571863
   69.302415577    0.912794864    0.912584927
   69.335527099    0.912798732    0.912597473
   69.368638621    0.912802750    0.912609519
   69.401750143    0.912806882    0.912621084
   69.434861665    0.912810923    0.912632187
   69.467973187    0.912814629    0.912642847
   69.501084709    0.912817871    0.912653082
   69.534196231    0.912820723    0.912662910
   69.567307753    0.912823413    0.912672347
   69.600419275    0.912826189    0.912681407
   69.633530797    0.912829164    0.912690105
   69.666642319    0.912832252    0.912698453
   69.699753841    0.912835225    0.912706466
   69.732865363    0.912837859    0.912714158
   69.765976885    0.912840074    0.912721542
   69.799088407    0.912841988    0.912728632
   69.832199929    0.912843845    0.912735438
   69.865311451    0.912845862    0.912741972
   69.898422973    0.912848102    0.912748242
   69.931534495    0.912850434    0.912754259
   69.964646017    0.912852618    0.912760034
   69.997757539    0.912854458    0.912765576
   70.030869061    0.912855926    0.912770896
   70.063980583    0.912857179    0.912776004
   70.097092105    0.912858462    0.912780907
   70.130203627    0.912859959    0.912785612
   70.163315149    0.912861679    0.912790126
   70.196426671    0.912863453    0.912794458
   70.229538193    0.912865045    0.912798614
   70.262649715    0.912866294    0.912802603
   70.295761237    0.912867222    0.912806432
   70.328872759    0.912868015    0.912810108
   70.361984281    0.912868912    0.912813636
   70.395095803    0.912870053    0.912817021
   70.428207325    0.912871401    0.912820269
   70.461318847    0.912872761    0.912823384
   70.494430369    0.912873912    0.912826373
   70.527541891    0.912874743    0.912829242
   70.560653413    0.912875321    0.912831996
   70.593764935    0.912875856    0.912834640
   70.626876457    0.912876561    0.912837177
   70.659987979    0.912877526    0.912839611
   70.693099501    0.912878657    0.912841945
   70.726211023    0.912879737    0.912844185
   70.759322545    0.912880564    0.912846334
   70.792434067    0.912881073    0.912848396
   70.825545589    0.912881381    0.912850377
   70.858657111    0.912881713    0.912852278
   70.891768633    0.912882260    0.912854102
   70.924880155    0.912883065    0.912855852
   70.957991677    0.912883995    0.912857531
   70.991103199    0.912884824    0.912859141
   71.024214721    0.912885376    0.912860686
   71.057326243    0.912885636    0.912862170
   71.090437765    0.912885756    0.912863594
   71.123549287    0.912885964    0.912864962
   71.156660809    0.912886420    0.912866275
   71.189772331    0.912887117    0.912867534
   71.222883853    0.912887889    0.912868741
   71.255995375    0.912888512    0.912869899
   71.289106897    0.912888846    0.912871011
   71.322218419    0.912888921    0.912872079
   71.355329941    0.912888921    0.912873106
   71.388441463    0.912889065    0.912874091
   71.421552985    0.912889474    0.912875036
   71.454664507    0.912890096    0.912875943
   71.487776029    0.912890738    0.912876812
   71.520887551    0.912891188    0.912877646
   71.553999074    0.912891347    0.912878448
   71.587110596    0.912891290    0.912879218
   71.620222118    0.912891222    0.912879959
   71.653333640    0.912891344    0.912880670
   71.686445162    0.912891735    0.912881352
   71.719556684    0.912892299    0.912882006
   71.752668206    0.912892827    0.912882633
   71.785779728    0.912893129    0.912883235
   71.818891250    0.912893149    0.912883815
   71.852002772    0.912893004    0.912884372
   71.885114294    0.912892906    0.912884908
   71.918225816    0.912893036    0.912885422
   71.951337338    0.912893424    0.912885915
   71.984448860    0.912893938    0.912886389
   72.017560382    0.912894363    0.912886843
   72.050671904    0.912894536    0.912887279
   72.083783426    0.912894447    0.912887700
   72.116894948    0.912894247    0.912888104
   72.150006470    0.912894152    0.912888494
   72.183117992    0.912894307    0.912888868
   72.216229514    0.912894699    0.912889226
   72.249341036    0.912895165    0.912889570
   72.282452558    0.912895492    0.912889901
   72.315564080    0.912895552    0.912890219
   72.348675602    0.912895382    0.912890526
   72.381787124    0.912895157    0.912890821
   72.414898646    0.912895086    0.912891106
   72.448010168    0.912895278    0.912891379
   72.481121690    0.912895674    0.912891641
   72.514233212    0.912896089    0.912891893
   72.547344734    0.912896322    0.912892136
   72.580456256    0.912896285    0.912892369
   72.613567778    0.912896056    0.912892595
   72.646679300    0.912895831    0.912892813
   72.679790822    0.912895801    0.912893023
   72.712902344    0.912896032    0.912893224
   72.746013866    0.912896428    0.912893418
   72.779125388    0.912896787    0.912893604
   72.812236910    0.912896929    0.912893784
   72.845348432    0.912896810    0.912893957
   72.878459954    0.912896545    0.912894125
   72.911571476    0.912896340    0.912894286
   72.944682998    0.912896361    0.912894442
   72.977794520    0.912896631    0.912894590
   73.010906042    0.912897017    0.912894733
   73.044017564    0.912897314    0.912894870
   73.077129086    0.912897370    0.912895002
   73.110240608    0.912897184    0.912895130
   73.143352130    0.912896904    0.912895254
   73.176463652    0.912896735    0.912895374
   73.209575174    0.912896811    0.912895489
   73.242686696    0.912897114    0.912895599
   73.275798218    0.912897482    0.912895704
   73.308909740    0.912897712    0.912895805
   73.342021262    0.912897688    0.912895904
   73.375132784    0.912897450    0.912895999
   73.408244306    0.912897173    0.912896092
   73.441355828    0.912897052    0.912896181
   73.474467350    0.912897185    0.912896266
   73.507578872    0.912897512    0.912896348
   73.540690394    0.912897850    0.912896426
   73.573801916    0.912898009    0.912896502
   73.606913438    0.912897912    0.912896576
   73.640024960    0.912897639    0.912896647
   73.673136482    0.912897381    0.912896717
   73.706248004    0.912897316    0.912896784
   73.739359526    0.912897504    0.912896848
   73.772471048    0.912897844    0.912896909
   73.805582570    0.912898142    0.912896968
   73.838694093    0.912898228    0.912897025
   73.871805615    0.912898067    0.912897081
   73.904917137    0.912897775    0.912897136
   73.938028659    0.912897550    0.912897189
   73.971140181    0.912897547    0.912897240
   74.004251703    0.912897782    0.912897288
   74.037363225    0.912898123    0.912897335
   74.070474747    0.912898371    0.912897379
   74.103586269    0.912898386    0.912897423
   74.136697791    0.912898171    0.912897466
   74.169809313    0.912897875    0.912897508
   74.202920835    0.912897695    0.912897549
   74.236032357    0.912897755    0.912897588
   74.269143879    0.912898029    0.912897625
   74.302255401    0.912898359    0.912897660
   74.335366923    0.912898549    0.912897695
   74.368478445    0.912898494    0.912897728
   74.401589967    0.912898239    0.912897762
   74.434701489    0.912897954    0.912897795
   74.467813011    0.912897828    0.912897827
   74.500924533    0.912897949    0.912897857
   74.534036055    0.912898251    0.912897886
   74.567147577    0.912898556    0.912897913
   74.600259099    0.912898683    0.912897940
   74.633370621    0.912898564    0.912897967
   74.666482143    0.912898281    0.912897993
   74.699593665    0.912898022    0.912898019
   74.732705187    0.912897955    0.912898044
   74.765816709    0.912898132    0.912898068
   74.798928231    0.912898450    0.912898091
   74.832039753    0.912898719    0.912898112
   74.865151275    0.912898780    0.912898134
   74.898262797    0.912898603    0.912898155
   74.931374319    0.912898308    0.912898177
   74.964485841    0.912898085    0.912898198
   74.997597363    0.912898082    0.912898218
   75.030708885    0.912898307    0.912898237
   75.063820407    0.912898628    0.912898254
   75.096931929    0.912898851    0.912898272
   75.130043451    0.912898845    0.912898289
   75.163154973    0.912898621    0.912898307
   75.196266495    0.912898326    0.912898324
   75.229378017    0.912898151    0.912898341
   75.262489539    0.912898211    0.912898358
   75.295601061    0.912898475    0.912898373
   75.328712583    0.912898785    0.912898387
   75.361824105    0.912898953    0.912898402
   75.394935627    0.912898882    0.912898416
   75.428047149    0.912898622    0.912898431
   75.461158671    0.912898342    0.912898445
   75.494270193    0.912898221    0.912898459
   75.527381715    0.912898342    0.912898473
   75.560493237    0.912898634    0.912898485
   75.593604759    0.912898920    0.912898497
   75.626716281    0.912899028    0.912898509
   75.659827803    0.912898896    0.912898521
   75.692939325    0.912898613    0.912898533
   75.726050847    0.912898360    0.912898545
   75.759162369    0.912898300    0.912898557
   75.792273891    0.912898476    0.912898568
   75.825385413    0.912898782    0.912898578
   75.858496935    0.912899033    0.912898588
   75.891608457    0.912899078    0.912898598
   75.924719979    0.912898893    0.912898609
   75.957831501    0.912898599    0.912898619
   75.990943023    0.912898384    0.912898630
   76.024054545    0.912898387    0.912898640
   76.057166067    0.912898610    0.912898649
   76.090277589    0.912898918    0.912898657
   76.123389112    0.912899124    0.912898666
   76.156500634    0.912899104    0.912898674
   76.189612156    0.912898875    0.912898683
   76.222723678    0.912898584    0.912898693
   76.255835200    0.912898418    0.912898702
   76.288946722    0.912898483    0.912898710
   76.322058244    0.912898743    0.912898717
   76.355169766    0.912899040    0.912898725
   76.388281288    0.912899192    0.912898732
   76.421392810    0.912899109    0.912898739
   76.454504332    0.912898847    0.912898747
   76.487615854    0.912898573    0.912898755
   76.520727376    0.912898462    0.912898763
   76.553838898    0.912898586    0.912898770
   76.586950420    0.912898872    0.912898776
   76.620061942    0.912899145    0.912898782
   76.653173464    0.912899238    0.912898789
   76.686284986    0.912899097    0.912898795
   76.719396508    0.912898814    0.912898802
   76.752508030    0.912898568    0.912898809
   76.785619552    0.912898517    0.912898816
   76.818731074    0.912898695    0.912898822
   76.851842596    0.912898994    0.912898827
   76.884954118    0.912899231    0.912898832
   76.918065640    0.912899262    0.912898838
   76.951177162    0.912899070    0.912898844
   76.984288684    0.912898779    0.912898850
   77.017400206    0.912898573    0.912898856
   77.050511728    0.912898583    0.912898862
   77.083623250    0.912898807    0.912898867
   77.116734772    0.912899106    0.912898871
   77.149846294    0.912899298    0.912898876
   77.182957816    0.912899266    0.912898880
   77.216069338    0.912899032    0.912898886
   77.249180860    0.912898745    0.912898891
   77.282292382    0.912898588    0.912898896
   77.315403904    0.912898660    0.912898901
   77.348515426    0.912898918    0.912898905
   77.381626948    0.912899205    0.912898909
   77.414738470    0.912899344    0.912898913
   77.447849992    0.912899251    0.912898917
   77.480961514    0.912898986    0.912898922
   77.514073036    0.912898717    0.912898927
   77.547184558    0.912898615    0.912898931
   77.580296080    0.912898744    0.912898935
   77.613407602    0.912899027    0.912898938
   77.646519124    0.912899289    0.912898941
   77.679630646    0.912899369    0.912898945
   77.712742168    0.912899219    0.912898948
   77.745853690    0.912898936    0.912898953
   77.778965212    0.912898697    0.912898957
   77.812076734    0.912898654    0.912898960
   77.845188256    0.912898836    0.912898963
   77.878299778    0.912899130    0.912898966
   77.911411300    0.912899356    0.912898969
   77.944522822    0.912899374    0.912898971
   77.977634344    0.912899175    0.912898975
   78.010745866    0.912898885    0.912898979
   78.043857388    0.912898686    0.912898982
   78.076968910    0.912898705    0.912898985
   78.110080432    0.912898930    0.912898987
   78.143191954    0.912899223    0.912898989
   78.176303476    0.912899403    0.912898991
   78.209414998    0.912899359    0.912898994
   78.242526520    0.912899120    0.912898997
   78.275638042    0.912898837    0.912899000
   78.308749564    0.912898687    0.912899003
   78.341861086    0.912898766    0.912899005
   78.374972609    0.912899025    0.912899006
   78.408084131    0.912899304    0.912899008
   78.441195653    0.912899431    0.912899009
   78.474307175    0.912899327    0.912899012
   78.507418697    0.912899058    0.912899014
   78.540530219    0.912898794    0.912899017
   78.573641741    0.912898700    0.912899019
   78.606753263    0.912898836    0.912899020
   78.639864785    0.912899117    0.912899021
   78.672976307    0.912899370    0.912899022
   78.706087829    0.912899438    0.912899023
   78.739199351    0.912899279    0.912899025
   78.772310873    0.912898993    0.912899027
   78.805422395    0.912898760    0.912899029
   78.838533917    0.912898726    0.912899031
   78.871645439    0.912898912    0.912899031
   78.904756961    0.912899203    0.912899032
   78.937868483    0.912899419    0.912899032
   78.970980005    0.912899425    0.912899033
   79.004091527    0.912899218    0.912899035
   79.037203049    0.912898928    0.912899036
   79.070314571    0.912898736    0.912899037
   79.103426093    0.912898763    0.912899038
   79.136537615    0.912898991    0.912899038
   79.169649137    0.912899280    0.912899038
   79.202760659    0.912899449    0.912899038
   79.235872181    0.912899393    0.912899039
   79.268983703    0.912899148    0.912899040
   79.302095225    0.912898866    0.912899041
   79.335206747    0.912898724    0.912899042
   79.368318269    0.912898810    0.912899042
   79.401429791    0.912899071    0.912899041
   79.434541313    0.912899344    0.912899041
